-- phpMyAdmin SQL Dump
-- version 5.2.0
-- https://www.phpmyadmin.net/
--
-- Host: localhost:3306
-- Generation Time: Oct 08, 2024 at 11:26 AM
-- Server version: 8.0.30
-- PHP Version: 8.1.10

SET SQL_MODE = "NO_AUTO_VALUE_ON_ZERO";
START TRANSACTION;
SET time_zone = "+00:00";


/*!40101 SET @OLD_CHARACTER_SET_CLIENT=@@CHARACTER_SET_CLIENT */;
/*!40101 SET @OLD_CHARACTER_SET_RESULTS=@@CHARACTER_SET_RESULTS */;
/*!40101 SET @OLD_COLLATION_CONNECTION=@@COLLATION_CONNECTION */;
/*!40101 SET NAMES utf8mb4 */;

--
-- Database: `xuonglaravelfa24`
--

-- --------------------------------------------------------

--
-- Table structure for table `category_posts`
--

CREATE TABLE `category_posts` (
  `id` bigint UNSIGNED NOT NULL,
  `name` varchar(255) COLLATE utf8mb4_unicode_ci NOT NULL,
  `created_at` timestamp NULL DEFAULT NULL,
  `updated_at` timestamp NULL DEFAULT NULL,
  `deleted_at` timestamp NULL DEFAULT NULL
) ENGINE=InnoDB DEFAULT CHARSET=utf8mb4 COLLATE=utf8mb4_unicode_ci;

--
-- Dumping data for table `category_posts`
--

INSERT INTO `category_posts` (`id`, `name`, `created_at`, `updated_at`, `deleted_at`) VALUES
(1, 'Kinh Tế', '2024-10-05 02:26:18', '2024-10-05 02:26:18', NULL),
(2, 'Giáo Dục', '2024-10-05 02:26:18', '2024-10-05 02:26:18', NULL),
(3, 'Thị Trường', '2024-10-05 02:26:18', '2024-10-05 02:26:18', NULL),
(4, 'Xã Hội', '2024-10-05 02:26:18', '2024-10-05 02:26:18', NULL),
(5, 'Tin Nóng 24H', '2024-10-05 02:26:18', '2024-10-05 02:26:18', NULL);

-- --------------------------------------------------------

--
-- Table structure for table `customers`
--

CREATE TABLE `customers` (
  `id` bigint UNSIGNED NOT NULL,
  `name` varchar(255) COLLATE utf8mb4_unicode_ci NOT NULL,
  `address` varchar(255) COLLATE utf8mb4_unicode_ci NOT NULL,
  `avatar` varchar(255) COLLATE utf8mb4_unicode_ci DEFAULT NULL,
  `phone` varchar(20) COLLATE utf8mb4_unicode_ci NOT NULL,
  `email` varchar(100) COLLATE utf8mb4_unicode_ci NOT NULL,
  `is_active` tinyint(1) NOT NULL,
  `created_at` timestamp NULL DEFAULT NULL,
  `updated_at` timestamp NULL DEFAULT NULL,
  `deleted_at` timestamp NULL DEFAULT NULL
) ENGINE=InnoDB DEFAULT CHARSET=utf8mb4 COLLATE=utf8mb4_unicode_ci;

--
-- Dumping data for table `customers`
--

INSERT INTO `customers` (`id`, `name`, `address`, `avatar`, `phone`, `email`, `is_active`, `created_at`, `updated_at`, `deleted_at`) VALUES
(1, 'Kobe Weber', '561 Terrill Lodge\nEast Lloydville, AZ 46320-8767', NULL, '1-309-944-2154', 'jazmin.jacobson@schuster.com', 0, '2024-10-01 02:42:56', '2024-10-01 02:42:56', NULL),
(2, 'Lukas Romaguera', '82394 Tremblay Locks\nEast Amani, MD 51448', NULL, '+18045813786', 'olaf45@schroeder.com', 0, '2024-10-01 02:42:56', '2024-10-01 02:42:56', NULL),
(3, 'Margaret Okuneva DVM', '2085 Baron Knoll Apt. 971\nEast Gerald, OR 83893', NULL, '+1-312-253-8383', 'ida57@turcotte.com', 1, '2024-10-01 02:42:56', '2024-10-01 02:42:56', NULL),
(4, 'Elwin Bartoletti', '4772 Effertz Junction Suite 957\nEast Nicholechester, CO 15823-0058', NULL, '+1-714-836-7404', 'harber.kellen@abernathy.net', 1, '2024-10-01 02:42:56', '2024-10-01 02:42:56', NULL),
(5, 'Prof. Jack Luettgen', '9469 Kaleigh Islands Suite 069\nNorth Kole, NH 61726', NULL, '(567) 979-8361', 'beahan.brandt@yahoo.com', 0, '2024-10-01 02:42:56', '2024-10-01 02:42:56', NULL),
(6, 'Golden Wolf', '854 Willms Port Suite 510\nHaroldchester, MO 21320', NULL, '239-834-1520', 'vicente.dickinson@yahoo.com', 1, '2024-10-01 02:42:56', '2024-10-01 02:42:56', NULL),
(7, 'Charlotte Abernathy DDS', '170 Bogan Coves Apt. 200\nKassulkeborough, AK 02715-4428', NULL, '+1 (564) 769-7390', 'larue.schowalter@zieme.com', 0, '2024-10-01 02:42:56', '2024-10-01 02:42:56', NULL),
(8, 'Bella Kuphal', '70328 Runte Center\nWest Edyth, TN 57822-0712', NULL, '731.254.5546', 'cameron.damore@gmail.com', 0, '2024-10-01 02:42:56', '2024-10-01 02:42:56', NULL),
(9, 'Prof. Korbin Jast', '3098 Ressie Knolls\nPort Lionel, NM 45533-6363', NULL, '(212) 438-3418', 'antonette22@hotmail.com', 1, '2024-10-01 02:42:56', '2024-10-01 02:42:56', NULL),
(10, 'Hilbert Langosh Sr.', '657 Cronin Port Suite 260\nChristiansenberg, DC 82853', NULL, '1-424-585-0486', 'morar.demetris@gmail.com', 0, '2024-10-01 02:42:56', '2024-10-01 02:42:56', NULL),
(11, 'Lauren McCullough I', '5179 Neal Road Suite 054\nAbbottchester, CO 92829', NULL, '+1.815.217.5705', 'magdalen.feeney@beahan.com', 0, '2024-10-01 02:42:56', '2024-10-01 02:42:56', NULL),
(12, 'Dr. Zachariah Weimann', '2074 Stoltenberg Burg Suite 685\nNorth Cole, AZ 64741-8119', NULL, '1-629-478-8419', 'annetta.ferry@ward.com', 1, '2024-10-01 02:42:56', '2024-10-01 02:42:56', NULL),
(13, 'Ruthie O\'Connell DDS', '34357 Lubowitz Hill Suite 487\nNew Darrelshire, OR 13663', NULL, '+1-504-868-2763', 'hailee95@hotmail.com', 0, '2024-10-01 02:42:56', '2024-10-01 02:42:56', NULL),
(14, 'Emmie Kshlerin', '7701 Treutel Harbor\nEast Makaylamouth, LA 93770', NULL, '+12409684735', 'ruecker.fernando@yahoo.com', 0, '2024-10-01 02:42:56', '2024-10-01 02:42:56', NULL),
(15, 'Mr. Willy O\'Connell IV', '20638 Nienow Court Suite 544\nPort Giovani, SC 64621-9832', NULL, '469-724-9133', 'ihills@yahoo.com', 1, '2024-10-01 02:42:56', '2024-10-01 02:42:56', NULL),
(16, 'Mr. Eliezer Anderson', '8376 Schmitt Rapid\nDeltahaven, NH 83542', NULL, '424-477-4681', 'torphy.willa@yahoo.com', 0, '2024-10-01 02:42:56', '2024-10-01 02:42:56', NULL),
(17, 'Prof. Mohamed Gottlieb', '2522 Medhurst Street\nPort Demarcoport, MS 71943-7048', NULL, '+1-463-884-3589', 'roob.jamey@gmail.com', 1, '2024-10-01 02:42:56', '2024-10-01 02:42:56', NULL),
(18, 'Jacinthe Wilkinson', '71769 Crist Court Suite 205\nBaileestad, ID 80651-6003', NULL, '+1-847-776-6009', 'anabelle84@satterfield.net', 0, '2024-10-01 02:42:56', '2024-10-01 02:42:56', NULL),
(19, 'Timmothy Sauer', '8695 Wilhelmine Point Apt. 978\nEstelberg, MO 47993', NULL, '+1-650-534-6080', 'electa71@kilback.biz', 1, '2024-10-01 02:42:56', '2024-10-01 02:42:56', NULL),
(20, 'Mr. Alvah Rutherford', '8296 Wilmer Meadows Suite 639\nNorth Colleenland, NV 71769', NULL, '573.634.6819', 'judy.kohler@ohara.com', 0, '2024-10-01 02:42:56', '2024-10-01 02:42:56', NULL),
(21, 'Abdiel Brekke', '7709 Enos Trafficway\nLittlehaven, IN 67815', NULL, '+1-209-617-1316', 'junius.stark@yahoo.com', 1, '2024-10-01 02:42:56', '2024-10-01 02:42:56', NULL),
(22, 'America Cronin', '47440 Myrtis Flat\nWizafurt, OK 81033-1540', NULL, '+1 (540) 245-2294', 'bdubuque@gmail.com', 1, '2024-10-01 02:42:56', '2024-10-01 02:42:56', NULL),
(23, 'Clovis Pouros', '88307 Stokes Circles Apt. 112\nPort Pamelaside, TX 13600', NULL, '458.775.5009', 'eichmann.moses@reichert.info', 1, '2024-10-01 02:42:56', '2024-10-01 02:42:56', NULL),
(24, 'Anibal Towne', '99339 Rubie Cove\nDickistad, NV 45076-2226', NULL, '(717) 487-9312', 'mohr.newell@gmail.com', 0, '2024-10-01 02:42:56', '2024-10-01 02:42:56', NULL),
(25, 'Rosemarie Jast', '1256 Russel Curve\nWest Alainaburgh, AZ 50299-5935', NULL, '817-801-7998', 'dennis15@hayes.com', 1, '2024-10-01 02:42:56', '2024-10-01 02:42:56', NULL),
(26, 'Rhiannon Hayes', '72984 Rutherford Hills Apt. 298\nWest Leilani, WY 39218-0001', NULL, '+1-747-946-0362', 'camila68@yahoo.com', 0, '2024-10-01 02:42:56', '2024-10-01 02:42:56', NULL),
(27, 'Dina Schmitt', '214 Una Wall Suite 155\nHilperthaven, GA 24630', NULL, '984.715.5295', 'lubowitz.uriel@breitenberg.net', 1, '2024-10-01 02:42:56', '2024-10-01 02:42:56', NULL),
(28, 'Prof. Donato Hartmann III', '533 Berge Plains\nEast Ariannaton, WA 11947-1911', NULL, '1-906-306-7625', 'amira.goodwin@hotmail.com', 0, '2024-10-01 02:42:56', '2024-10-01 02:42:56', NULL),
(29, 'Gregoria Pfannerstill', '390 Daugherty Path\nCroninborough, ND 59528-0917', NULL, '+1-321-600-2477', 'greg.lubowitz@mann.net', 1, '2024-10-01 02:42:56', '2024-10-01 02:42:56', NULL),
(30, 'Laurine Stroman', '511 Elwin Curve Apt. 651\nSouth Trentfurt, WI 64467-6728', NULL, '1-541-734-7969', 'idell31@yahoo.com', 1, '2024-10-01 02:42:56', '2024-10-01 02:42:56', NULL),
(31, 'Jennings Veum', '355 Demond Estates Apt. 180\nLake Henryberg, SD 23167-3793', NULL, '430.926.8352', 'hhickle@trantow.com', 1, '2024-10-01 02:42:56', '2024-10-01 02:42:56', NULL),
(32, 'Dr. Icie Ryan Jr.', '69787 Wolf Loaf Apt. 498\nGradyfurt, MI 25250-9587', NULL, '+12526907326', 'angel71@yahoo.com', 1, '2024-10-01 02:42:56', '2024-10-01 02:42:56', NULL),
(33, 'Elmore Stoltenberg III', '25123 Emerald Tunnel Apt. 657\nPort Carmelomouth, PA 93107', NULL, '+16094187785', 'vjakubowski@hotmail.com', 1, '2024-10-01 02:42:56', '2024-10-01 02:42:56', NULL),
(34, 'Leann Bradtke Jr.', '599 Will Junction\nTremblayhaven, WY 84936', NULL, '(530) 217-7253', 'bednar.clair@nicolas.com', 1, '2024-10-01 02:42:56', '2024-10-01 02:42:56', NULL),
(35, 'Gay Ryan', '7892 Michael Estate\nKathlynshire, MT 25661', NULL, '228.892.6677', 'bthompson@yahoo.com', 0, '2024-10-01 02:42:56', '2024-10-01 02:42:56', NULL),
(36, 'Darby Lowe', '2737 Gage Meadow\nJohnstontown, SD 54287', NULL, '1-484-729-8638', 'bfadel@gmail.com', 1, '2024-10-01 02:42:56', '2024-10-01 02:42:56', NULL),
(37, 'Ms. Viola Kovacek', '421 Herzog Center Suite 486\nJamirview, ME 54218', NULL, '(435) 215-1958', 'herminio24@yahoo.com', 1, '2024-10-01 02:42:56', '2024-10-01 02:42:56', NULL),
(38, 'Stefan Hartmann', '49134 Block Lock\nNew Tadport, NJ 09888-3567', NULL, '831-518-5814', 'yost.otis@torphy.biz', 0, '2024-10-01 02:42:56', '2024-10-01 02:42:56', NULL),
(39, 'Trudie Barton III', '32282 Dorian Grove\nAbdulfurt, IA 34801-7804', NULL, '+1 (623) 520-4486', 'bveum@jones.org', 0, '2024-10-01 02:42:56', '2024-10-01 02:42:56', NULL),
(40, 'Brennon Hilpert MD', '7581 Skyla Track Suite 000\nAlexview, AL 19325-3649', NULL, '+1-719-312-0881', 'ward.zora@gmail.com', 1, '2024-10-01 02:42:56', '2024-10-01 02:42:56', NULL),
(41, 'Lenna Boyle', '7394 Breitenberg Spur\nWilkinsonland, DE 20480-2377', NULL, '586-872-9370', 'edgardo96@west.com', 1, '2024-10-01 02:42:56', '2024-10-01 02:42:56', NULL),
(42, 'Kimberly Mosciski', '5350 Carrie Village\nAntoniamouth, KS 70070', NULL, '(714) 412-2290', 'ayla.halvorson@yahoo.com', 0, '2024-10-01 02:42:56', '2024-10-01 02:42:56', NULL),
(43, 'Ollie Wunsch DVM', '405 Lockman Ridge\nLucindafort, TX 82865', NULL, '+1 (229) 483-4173', 'emily.hills@lueilwitz.net', 1, '2024-10-01 02:42:56', '2024-10-01 02:42:56', NULL),
(44, 'Dr. Nya Daugherty II', '1726 Nolan Cove Suite 908\nJerdeton, DE 29082-5843', NULL, '+15514084706', 'ostokes@mosciski.com', 1, '2024-10-01 02:42:56', '2024-10-01 02:42:56', NULL),
(45, 'Cecelia Corkery V', '6553 Torphy Valley Apt. 755\nPort Nyaport, AK 60064', NULL, '520-977-1516', 'berge.mya@klocko.com', 0, '2024-10-01 02:42:56', '2024-10-01 02:42:56', NULL),
(46, 'Fatima Adams', '1972 Nicolas Fort\nAraville, IN 22389-4669', NULL, '+1.772.484.9685', 'ikertzmann@pagac.biz', 1, '2024-10-01 02:42:56', '2024-10-01 02:42:56', NULL),
(47, 'Prof. Greta Schuppe', '341 Dooley Expressway Suite 124\nNorth Pedroburgh, CT 93590', NULL, '940-251-2438', 'kirlin.merritt@goyette.com', 0, '2024-10-01 02:42:56', '2024-10-01 02:42:56', NULL),
(48, 'Kayla Parisian', '79461 Christiansen Coves\nSouth Heatherfort, AL 24204', NULL, '+1.847.989.8844', 'karson.frami@okeefe.org', 1, '2024-10-01 02:42:56', '2024-10-01 02:42:56', NULL),
(49, 'Mrs. Palma O\'Reilly', '3592 Smitham Bypass Apt. 333\nRitchieborough, WV 23196', NULL, '574.596.6415', 'trystan34@kunde.com', 1, '2024-10-01 02:42:56', '2024-10-01 02:42:56', NULL),
(50, 'Silas Hartmann', '171 Adonis Mills\nWest Letaland, LA 34468', NULL, '1-347-852-7290', 'rosalia.kiehn@gmail.com', 0, '2024-10-01 02:42:56', '2024-10-01 02:42:56', NULL),
(51, 'Dr. Rashad Green II', '5714 Carroll Islands Suite 116\nLake Rickmouth, RI 74500-9631', NULL, '769-989-4107', 'athena.graham@hotmail.com', 1, '2024-10-01 02:42:56', '2024-10-01 02:42:56', NULL),
(52, 'Mr. Ansel Orn', '6352 Terry Fields\nSelenachester, AR 10595', NULL, '1-239-718-9884', 'justus.beier@monahan.net', 0, '2024-10-01 02:42:56', '2024-10-01 02:42:56', NULL),
(53, 'Charles Hayes', '8771 Hillary View Apt. 048\nHuelsmouth, TX 28059', NULL, '+1.682.378.8523', 'christine.murazik@ryan.biz', 0, '2024-10-01 02:42:56', '2024-10-01 02:42:56', NULL),
(54, 'Linnie Hauck', '4839 Cleve Point\nLake Candice, AZ 51952', NULL, '+1.539.966.5725', 'wilber.schmidt@hotmail.com', 0, '2024-10-01 02:42:56', '2024-10-01 02:42:56', NULL),
(55, 'Ellen Abernathy', '97031 Okuneva Prairie\nMargarettatown, AZ 60242-9864', NULL, '+1.463.469.2766', 'roxane.considine@gmail.com', 0, '2024-10-01 02:42:56', '2024-10-01 02:42:56', NULL),
(56, 'Prof. Rogers Yundt IV', '80221 Baumbach Green\nCalechester, WY 39438-4424', NULL, '629-624-5445', 'gnolan@larkin.info', 0, '2024-10-01 02:42:56', '2024-10-01 02:42:56', NULL),
(57, 'Prof. Jalyn Nikolaus Jr.', '44780 Concepcion Overpass Apt. 473\nNorth Nakia, CO 07605', NULL, '+17278372235', 'gregorio47@hotmail.com', 0, '2024-10-01 02:42:56', '2024-10-01 02:42:56', NULL),
(58, 'Aniya Feeney', '3807 Kristin Junction Suite 417\nVergiemouth, IL 70532', NULL, '+1-609-461-7758', 'herbert.hermiston@gmail.com', 0, '2024-10-01 02:42:56', '2024-10-01 02:42:56', NULL),
(59, 'Makenna Kutch', '1767 Winona Junctions Apt. 800\nSouth Arvid, PA 47713-6353', NULL, '(678) 653-6970', 'grover54@yahoo.com', 0, '2024-10-01 02:42:56', '2024-10-01 02:42:56', NULL),
(60, 'Catharine Weissnat', '3979 Ida Underpass\nJadenland, AR 45578', NULL, '(747) 552-3191', 'abernathy.abagail@hotmail.com', 1, '2024-10-01 02:42:56', '2024-10-01 02:42:56', NULL),
(61, 'Ms. Zena Emard', '723 Robel Corner Suite 124\nSouth Jermaine, MI 82084-8383', NULL, '1-678-705-7691', 'steve11@gmail.com', 0, '2024-10-01 02:42:56', '2024-10-01 02:42:56', NULL),
(62, 'Sadie Dickinson', '8606 Elfrieda Island Suite 457\nKochberg, AZ 49042', NULL, '+1 (336) 791-0760', 'rod.krajcik@lesch.org', 0, '2024-10-01 02:42:56', '2024-10-01 02:42:56', NULL),
(63, 'Diamond Brakus', '19771 Ziemann Shoals Apt. 118\nWalkershire, AK 14530', NULL, '281.556.0569', 'wilson79@yahoo.com', 0, '2024-10-01 02:42:56', '2024-10-01 02:42:56', NULL),
(64, 'Ms. Telly Kerluke', '927 Geraldine Radial Apt. 220\nOlsonfurt, KY 23183', NULL, '+1-559-758-7293', 'marlen.konopelski@reynolds.com', 0, '2024-10-01 02:42:56', '2024-10-01 02:42:56', NULL),
(65, 'Jamil Tillman', '101 Mackenzie Highway\nHackettton, AL 58266-0395', NULL, '1-360-614-4787', 'nitzsche.mitchel@yahoo.com', 0, '2024-10-01 02:42:56', '2024-10-01 02:42:56', NULL),
(66, 'Yolanda Balistreri', '409 Vandervort Forge Apt. 878\nSchmidtbury, MN 96351-7940', NULL, '689-780-8370', 'gmitchell@yahoo.com', 0, '2024-10-01 02:42:56', '2024-10-01 02:42:56', NULL),
(67, 'Russel Auer', '2101 Luettgen Trace\nWest Nayeliton, AZ 62768', NULL, '1-913-521-9106', 'durgan.evelyn@yahoo.com', 1, '2024-10-01 02:42:56', '2024-10-01 02:42:56', NULL),
(68, 'Sammie Kautzer', '911 Cheyanne Pike\nNew Mortonfurt, OH 06109-8937', NULL, '209.865.6284', 'huels.vicky@carter.com', 0, '2024-10-01 02:42:56', '2024-10-01 02:42:56', NULL),
(69, 'Vivien Stoltenberg', '103 Crooks Drives Apt. 003\nFlavietown, AZ 47085', NULL, '(717) 870-4401', 'dayana84@huel.info', 0, '2024-10-01 02:42:56', '2024-10-01 02:42:56', NULL),
(70, 'Lupe Collins MD', '6498 Hassie Fall\nCurtisburgh, SC 97579', NULL, '+18783496342', 'tristin86@langosh.com', 0, '2024-10-01 02:42:56', '2024-10-01 02:42:56', NULL),
(71, 'Guiseppe Hansen', '41448 Addie Drive Apt. 112\nNew Brooke, IL 02832', NULL, '+13527121687', 'hgutmann@yahoo.com', 1, '2024-10-01 02:42:56', '2024-10-01 02:42:56', NULL),
(72, 'Leola Lindgren', '24880 Littel Plaza\nSouth Hadleyborough, FL 36677', NULL, '(248) 713-8777', 'conn.nella@hotmail.com', 1, '2024-10-01 02:42:56', '2024-10-01 02:42:56', NULL),
(73, 'Mr. Efren Schowalter', '707 Gutkowski Corner Apt. 035\nLake Helene, NY 82772-3182', NULL, '1-478-812-6919', 'theathcote@hotmail.com', 0, '2024-10-01 02:42:56', '2024-10-01 02:42:56', NULL),
(74, 'Anabelle Casper', '52001 Santos Passage\nWehnerchester, PA 04190-9618', NULL, '+1-832-528-6577', 'kenya61@hotmail.com', 1, '2024-10-01 02:42:56', '2024-10-01 02:42:56', NULL),
(75, 'Leone Fritsch', '7179 Stiedemann Locks Suite 775\nLake Oran, CA 83881', NULL, '512-336-2640', 'xkuvalis@hermiston.com', 0, '2024-10-01 02:42:56', '2024-10-01 02:42:56', NULL),
(76, 'Mrs. Madalyn Hirthe DVM', '826 Waters Roads Apt. 665\nWest Kasey, WI 13036-5049', NULL, '404-688-8877', 'tremblay.josefina@parker.com', 0, '2024-10-01 02:42:56', '2024-10-01 02:42:56', NULL),
(77, 'Johathan Fay', '18585 Monty Lane\nAlliefort, HI 21586', NULL, '239.947.0549', 'murphy.elian@yahoo.com', 1, '2024-10-01 02:42:56', '2024-10-01 02:42:56', NULL),
(78, 'Geovany Kovacek', '643 Alvis Ridges Apt. 935\nGislasonville, ID 30042', NULL, '347-418-5938', 'langosh.berry@gutmann.com', 0, '2024-10-01 02:42:56', '2024-10-01 02:42:56', NULL),
(79, 'Pat Mertz Sr.', '37884 Haag Extensions\nTownestad, CT 10701-7529', NULL, '+1 (240) 478-6220', 'nona99@hotmail.com', 0, '2024-10-01 02:42:56', '2024-10-01 02:42:56', NULL),
(80, 'Dr. Jacey Bahringer V', '99492 Georgiana Groves\nLake Ernestinachester, ME 00162-2948', NULL, '+1.341.301.2774', 'gleason.billie@reinger.com', 1, '2024-10-01 02:42:56', '2024-10-01 02:42:56', NULL),
(81, 'Mrs. Jany Kovacek', '829 Rosario Shore Suite 339\nSouth Sierra, MA 94975', NULL, '+18285227843', 'alice.schumm@hane.net', 1, '2024-10-01 02:42:56', '2024-10-01 02:42:56', NULL),
(82, 'Miss Fleta Upton DVM', '3475 Hills Station\nWalterchester, TX 96271-8960', NULL, '562-342-7497', 'emie.jones@hotmail.com', 0, '2024-10-01 02:42:56', '2024-10-01 02:42:56', NULL),
(83, 'Roxanne Aufderhar IV', '52837 Elvie Valley Apt. 518\nBahringerland, WV 64415', NULL, '(307) 949-6576', 'garett.waters@dietrich.info', 1, '2024-10-01 02:42:56', '2024-10-01 02:42:56', NULL),
(84, 'Ms. Imogene Schamberger V', '52080 Madalyn Glens\nNikolauston, MD 61168-9895', NULL, '626.804.9942', 'tbahringer@hahn.com', 0, '2024-10-01 02:42:56', '2024-10-01 02:42:56', NULL),
(85, 'Darion Mante', '6050 Price Neck\nPort Annetteport, MA 42778', NULL, '+1 (734) 538-2509', 'conner37@cummerata.com', 0, '2024-10-01 02:42:56', '2024-10-01 02:42:56', NULL),
(86, 'Prof. Sheridan Hammes V', '366 Kyla Rapid\nNew Isaiahmouth, VA 51487-2954', NULL, '+19862967360', 'neha39@leffler.com', 0, '2024-10-01 02:42:56', '2024-10-01 02:42:56', NULL),
(87, 'Sigurd Murphy V', '79890 Thompson Ports Suite 951\nSantiagoport, NE 74575-6185', NULL, '928-294-6758', 'tina64@tromp.net', 0, '2024-10-01 02:42:56', '2024-10-01 02:42:56', NULL),
(88, 'Jacklyn Mitchell', '793 Verla Stravenue Suite 031\nEmmybury, CA 65398', NULL, '+1-458-719-5470', 'waelchi.eleanora@hotmail.com', 1, '2024-10-01 02:42:56', '2024-10-01 02:42:56', NULL),
(89, 'Gaetano Torphy I', '8132 Cheyenne Lodge\nNew Selena, NC 82732-6104', NULL, '1-531-551-3797', 'clyde.strosin@weissnat.info', 0, '2024-10-01 02:42:56', '2024-10-01 02:42:56', NULL),
(90, 'Norma Volkman', '735 Christian Oval Suite 867\nKingberg, MT 97697', NULL, '+18316755312', 'felipa34@yahoo.com', 0, '2024-10-01 02:42:56', '2024-10-01 02:42:56', NULL),
(91, 'Kaylin Carroll I', '93316 Eddie Fall\nNorth Ervin, DE 02230-7606', NULL, '(332) 709-6297', 'xgusikowski@corkery.com', 0, '2024-10-01 02:42:56', '2024-10-01 02:42:56', NULL),
(92, 'Mr. Angel Green', '5061 D\'Amore Square\nKellenland, FL 05052-1327', NULL, '+1-253-534-0657', 'qhauck@smith.com', 1, '2024-10-01 02:42:56', '2024-10-01 02:42:56', NULL),
(93, 'Martina Feil', '450 Russel Mountains Apt. 941\nRogahnview, IL 15416-0285', NULL, '1-364-995-5590', 'erdman.catalina@gmail.com', 1, '2024-10-01 02:42:56', '2024-10-01 02:42:56', NULL),
(94, 'Judd Wiza', '419 Sharon Avenue\nWest Emery, TN 18741-6163', NULL, '(820) 487-1615', 'jonathan95@buckridge.info', 1, '2024-10-01 02:42:56', '2024-10-01 02:42:56', NULL),
(95, 'Christophe McGlynn PhD', '46382 DuBuque Centers Apt. 431\nSouth Raymond, GA 40680-5547', NULL, '(304) 750-4369', 'raul05@white.com', 1, '2024-10-01 02:42:56', '2024-10-01 02:42:56', NULL),
(96, 'Dr. Favian Gleichner', '533 Armstrong Creek Apt. 166\nNorth Luisaside, CT 22105-3702', NULL, '1-432-634-4122', 'vwilliamson@parisian.com', 0, '2024-10-01 02:42:56', '2024-10-01 02:42:56', NULL),
(97, 'Vincenza Rolfson', '83744 Ernser Spur Apt. 031\nEinofurt, MT 63686', NULL, '1-754-453-6604', 'sipes.alejandrin@gmail.com', 0, '2024-10-01 02:42:56', '2024-10-01 02:42:56', NULL),
(98, 'Barton Beer', '6877 Pagac Canyon\nHarleyland, KS 75674-4586', NULL, '+1-307-637-2172', 'oconner.alvina@thiel.com', 0, '2024-10-01 02:42:56', '2024-10-01 02:42:56', NULL),
(99, 'Juliet Sanford DVM', '440 Janessa Meadow Suite 484\nSouth Coleman, MI 49523', NULL, '(870) 435-1032', 'sonia32@gmail.com', 1, '2024-10-01 02:42:56', '2024-10-01 02:42:56', NULL),
(100, 'Broderick Hintz', '120 Eric Landing\nNew Anastasiaview, TN 12852-4468', NULL, '1-860-646-6187', 'mcclure.vladimir@ortiz.org', 0, '2024-10-01 02:42:56', '2024-10-01 02:42:56', NULL),
(101, 'Nguyễn Sơn Tùng4545', '884545', 'customers/FiCcEtzMJYk5QgcnyizsbGoFdSLz76QpPnpQIPYF.jpg', '091425454545', 'tungteng45458@gmail.com', 1, '2024-10-02 00:36:41', '2024-10-02 01:49:37', NULL),
(102, 'Nguyễn Sơn Tùng123', '88321123', 'customers/cggkcqsGREbWlFSfzQWM8PkcN8B8ZAMcldGpixAH.webp', '09112324062', 'tungteng12321258@gmail.com', 0, '2024-10-02 01:19:20', '2024-10-03 03:49:46', NULL),
(104, 'Nguyễn Sơn Tùng1232141231', '8812315414123', 'customers/qcvYlGch6URHgf3Fy3MOw7hlvrlqm1RoHS0hGyxr.webp', '091412312', 'tungtym21413128@gmail.com', 1, '2024-10-02 01:24:10', '2024-10-02 01:26:04', '2024-10-02 01:26:04');

-- --------------------------------------------------------

--
-- Table structure for table `employees`
--

CREATE TABLE `employees` (
  `id` bigint UNSIGNED NOT NULL,
  `first_name` varchar(100) COLLATE utf8mb4_unicode_ci NOT NULL,
  `last_name` varchar(100) COLLATE utf8mb4_unicode_ci NOT NULL,
  `email` varchar(150) COLLATE utf8mb4_unicode_ci NOT NULL,
  `phone` varchar(15) COLLATE utf8mb4_unicode_ci NOT NULL,
  `date_of_birth` date NOT NULL,
  `hire_date` datetime NOT NULL,
  `salary` decimal(10,2) NOT NULL,
  `is_active` tinyint NOT NULL DEFAULT '1',
  `department_id` int UNSIGNED NOT NULL,
  `manager_id` int UNSIGNED NOT NULL,
  `address` text COLLATE utf8mb4_unicode_ci NOT NULL,
  `profile_picture` blob NOT NULL,
  `created_at` timestamp NULL DEFAULT NULL,
  `updated_at` timestamp NULL DEFAULT NULL,
  `deleted_at` timestamp NULL DEFAULT NULL
) ENGINE=InnoDB DEFAULT CHARSET=utf8mb4 COLLATE=utf8mb4_unicode_ci;

-- --------------------------------------------------------

--
-- Table structure for table `failed_jobs`
--

CREATE TABLE `failed_jobs` (
  `id` bigint UNSIGNED NOT NULL,
  `uuid` varchar(255) COLLATE utf8mb4_unicode_ci NOT NULL,
  `connection` text COLLATE utf8mb4_unicode_ci NOT NULL,
  `queue` text COLLATE utf8mb4_unicode_ci NOT NULL,
  `payload` longtext COLLATE utf8mb4_unicode_ci NOT NULL,
  `exception` longtext COLLATE utf8mb4_unicode_ci NOT NULL,
  `failed_at` timestamp NOT NULL DEFAULT CURRENT_TIMESTAMP
) ENGINE=InnoDB DEFAULT CHARSET=utf8mb4 COLLATE=utf8mb4_unicode_ci;

-- --------------------------------------------------------

--
-- Table structure for table `migrations`
--

CREATE TABLE `migrations` (
  `id` int UNSIGNED NOT NULL,
  `migration` varchar(255) COLLATE utf8mb4_unicode_ci NOT NULL,
  `batch` int NOT NULL
) ENGINE=InnoDB DEFAULT CHARSET=utf8mb4 COLLATE=utf8mb4_unicode_ci;

--
-- Dumping data for table `migrations`
--

INSERT INTO `migrations` (`id`, `migration`, `batch`) VALUES
(1, '2014_10_12_000000_create_users_table', 1),
(2, '2014_10_12_100000_create_password_reset_tokens_table', 1),
(3, '2019_08_19_000000_create_failed_jobs_table', 1),
(4, '2019_12_14_000001_create_personal_access_tokens_table', 1),
(28, '2024_10_01_092304_create_customers_table', 8),
(29, '2024_10_01_093111_modify_phone_avatar_in_customers_table', 9),
(37, '2024_10_03_084145_create_employees_table', 10),
(38, '2024_10_03_092829_create_category_posts_table', 10),
(39, '2024_10_05_080448_create_posts_table', 10);

-- --------------------------------------------------------

--
-- Table structure for table `password_reset_tokens`
--

CREATE TABLE `password_reset_tokens` (
  `email` varchar(255) COLLATE utf8mb4_unicode_ci NOT NULL,
  `token` varchar(255) COLLATE utf8mb4_unicode_ci NOT NULL,
  `created_at` timestamp NULL DEFAULT NULL
) ENGINE=InnoDB DEFAULT CHARSET=utf8mb4 COLLATE=utf8mb4_unicode_ci;

-- --------------------------------------------------------

--
-- Table structure for table `personal_access_tokens`
--

CREATE TABLE `personal_access_tokens` (
  `id` bigint UNSIGNED NOT NULL,
  `tokenable_type` varchar(255) COLLATE utf8mb4_unicode_ci NOT NULL,
  `tokenable_id` bigint UNSIGNED NOT NULL,
  `name` varchar(255) COLLATE utf8mb4_unicode_ci NOT NULL,
  `token` varchar(64) COLLATE utf8mb4_unicode_ci NOT NULL,
  `abilities` text COLLATE utf8mb4_unicode_ci,
  `last_used_at` timestamp NULL DEFAULT NULL,
  `expires_at` timestamp NULL DEFAULT NULL,
  `created_at` timestamp NULL DEFAULT NULL,
  `updated_at` timestamp NULL DEFAULT NULL
) ENGINE=InnoDB DEFAULT CHARSET=utf8mb4 COLLATE=utf8mb4_unicode_ci;

-- --------------------------------------------------------

--
-- Table structure for table `posts`
--

CREATE TABLE `posts` (
  `id` bigint UNSIGNED NOT NULL,
  `name` varchar(255) COLLATE utf8mb4_unicode_ci NOT NULL,
  `category_id` bigint UNSIGNED NOT NULL,
  `title` varchar(255) COLLATE utf8mb4_unicode_ci NOT NULL,
  `description` text COLLATE utf8mb4_unicode_ci,
  `image` varchar(255) COLLATE utf8mb4_unicode_ci DEFAULT NULL,
  `views` int NOT NULL,
  `created_at` timestamp NULL DEFAULT NULL,
  `updated_at` timestamp NULL DEFAULT NULL,
  `deleted_at` timestamp NULL DEFAULT NULL
) ENGINE=InnoDB DEFAULT CHARSET=utf8mb4 COLLATE=utf8mb4_unicode_ci;

--
-- Dumping data for table `posts`
--

INSERT INTO `posts` (`id`, `name`, `category_id`, `title`, `description`, `image`, `views`, `created_at`, `updated_at`, `deleted_at`) VALUES
(1, 'Karine Abbott', 2, 'Veniam facilis nam beatae. Qui voluptas cum labore. Soluta vel ut maiores non sunt molestiae. Sed voluptatem rerum qui aperiam sed. Expedita ab inventore aut ipsum.', 'Ut quasi suscipit cum rem nesciunt tenetur nihil nobis. Alias nostrum eos corporis aut aut voluptas et quasi. Ratione nulla sed beatae nobis id nisi.', 'https://via.placeholder.com/640x480.png/00aaee?text=ex', 4517, '2024-10-05 02:26:25', '2024-10-05 02:26:25', NULL),
(2, 'Jenifer Johnston', 2, 'Ad in iure suscipit quis dicta placeat sit praesentium. Consequuntur repudiandae quas dignissimos labore doloremque consequatur. Commodi saepe facere omnis minima veritatis adipisci ullam.', 'Voluptas eaque quis et quasi. Omnis distinctio et eius. Est perferendis iusto quisquam maiores.', 'https://via.placeholder.com/640x480.png/00bb33?text=distinctio', 6355, '2024-10-05 02:26:25', '2024-10-05 02:26:25', NULL),
(3, 'Miss Amalia Heidenreich', 3, 'Rem ut dolorem rem ducimus delectus. Aspernatur est et assumenda exercitationem occaecati omnis ipsum. Maiores ea aspernatur tempore explicabo quia sit.', 'Qui molestiae modi iste dolorem quo odio reprehenderit accusantium. Est dicta et in voluptatem voluptatum qui et. Dolorum est ullam eum ea dolor.', 'https://via.placeholder.com/640x480.png/007733?text=placeat', 8710, '2024-10-05 02:26:25', '2024-10-05 02:26:25', NULL),
(4, 'Mr. Kobe Gerlach', 2, 'Adipisci temporibus animi nihil dolores consequuntur omnis expedita. Beatae a quo mollitia tempora non. Et iure qui deleniti ex ut nostrum. Voluptas reiciendis a totam nesciunt voluptates rerum.', 'Molestiae porro aut ea harum et. Recusandae aliquid qui sit suscipit ipsam enim. Necessitatibus eveniet dolor a officia aut.', 'https://via.placeholder.com/640x480.png/00aaee?text=qui', 7746, '2024-10-05 02:26:25', '2024-10-05 02:26:25', NULL),
(5, 'Mr. Tyshawn Rath', 1, 'Fuga delectus nulla vel quia. Et sit earum facilis voluptates quaerat eaque incidunt odio. Tenetur dolor quos distinctio iure.', 'Ex dolorem doloremque maxime impedit deleniti voluptas possimus. Et totam dicta praesentium perspiciatis. Laboriosam maiores voluptatem incidunt illo fugit sint.', 'https://via.placeholder.com/640x480.png/00eeaa?text=dolores', 5798, '2024-10-05 02:26:25', '2024-10-05 02:26:25', NULL),
(6, 'Margret Dietrich Sr.', 1, 'Eius sint et laboriosam corporis. Ut nisi est in ut aspernatur ipsam aperiam. Debitis laboriosam optio ut modi alias ea et.', 'Id repellat voluptatem perspiciatis hic. Sit necessitatibus qui fugiat at. Dolores facilis voluptatem ut doloremque animi. Fuga et nihil aut esse enim eos et.', 'https://via.placeholder.com/640x480.png/004422?text=hic', 7844, '2024-10-05 02:26:25', '2024-10-05 02:26:25', NULL),
(7, 'Hettie Grimes PhD', 2, 'Odit consequatur numquam cumque et sequi eum quia et. Molestiae dolor modi expedita accusantium odit officiis libero ea. Consequuntur est fugit blanditiis incidunt accusantium.', 'Est ad voluptates dolores nostrum sit cupiditate sed. Deleniti dolor consequatur aut molestiae beatae cum nobis. Consequatur pariatur nemo voluptas dolor quisquam.', 'https://via.placeholder.com/640x480.png/002233?text=debitis', 5127, '2024-10-05 02:26:25', '2024-10-05 02:26:25', NULL),
(8, 'Ashley Feeney', 4, 'Aut aut enim quibusdam perspiciatis non. Nam totam amet quos quae ab. Fuga eius consequatur magni dolore. Explicabo dicta velit omnis est eos repudiandae optio.', 'Sint temporibus nesciunt porro doloremque quidem soluta. A dignissimos non delectus laboriosam. Ullam unde neque praesentium aut.', 'https://via.placeholder.com/640x480.png/00ff99?text=perspiciatis', 8080, '2024-10-05 02:26:25', '2024-10-05 02:26:25', NULL),
(9, 'Lora Pfeffer', 2, 'Voluptas non quae ut libero nihil. Qui dignissimos maiores omnis dignissimos debitis aut eum. Quas maxime adipisci ipsa eum. Rerum in nisi fugiat.', 'Numquam non vero quod ut ipsa. Qui animi excepturi et voluptate occaecati nihil. Nihil rerum magnam pariatur alias tempora eius. Odit asperiores pariatur minima dolores veniam possimus.', 'https://via.placeholder.com/640x480.png/007733?text=id', 3355, '2024-10-05 02:26:25', '2024-10-05 02:26:25', NULL),
(10, 'Shanon Dicki', 4, 'Velit sequi possimus quia id magnam sint laudantium. Repellat inventore deleniti at quas porro. Labore labore praesentium veniam sit. Tempore quas est odit sunt impedit et soluta.', 'Earum ad omnis accusamus maiores quos pariatur qui. Ea molestias dolor et fugit occaecati mollitia et. Molestias magni et fugit. Nihil aliquid odio dolor impedit voluptas inventore quidem.', 'https://via.placeholder.com/640x480.png/00bbdd?text=nihil', 1730, '2024-10-05 02:26:25', '2024-10-05 02:26:25', NULL),
(11, 'Greg Turcotte', 4, 'Itaque rem nam et dolores et exercitationem neque. Et minima labore asperiores necessitatibus illum voluptatem sequi. Quos sed dolor quo et.', 'Nihil et qui et fugit. Sint dicta delectus tempora. Placeat qui optio minima dolorum. Corporis aliquam incidunt beatae.', 'https://via.placeholder.com/640x480.png/0077bb?text=vel', 4699, '2024-10-05 02:26:25', '2024-10-05 02:26:25', NULL),
(12, 'Armand Farrell', 1, 'Accusantium animi doloremque quasi. Aut esse enim sit voluptatibus recusandae animi quo. Temporibus eius temporibus voluptas saepe deserunt et ipsam.', 'Sit id similique recusandae et aperiam in. Molestias aliquam quisquam occaecati molestiae nisi perferendis corporis. Accusantium totam expedita quae officia.', 'https://via.placeholder.com/640x480.png/00dd88?text=dolorem', 1056, '2024-10-05 02:26:25', '2024-10-05 02:26:25', NULL),
(13, 'Prof. Desiree Homenick DVM', 5, 'Voluptatem expedita vel libero et. Libero asperiores quidem eos adipisci. Labore cum qui debitis quo.', 'Iure sed doloremque aperiam qui eaque rem sunt aut. Eum voluptatibus facilis aperiam consequatur et ea sit. Neque illo voluptatem consequuntur quis ut rerum quo. Atque officiis omnis et.', 'https://via.placeholder.com/640x480.png/008877?text=nulla', 6624, '2024-10-05 02:26:25', '2024-10-05 02:26:25', NULL),
(14, 'Lavina Little', 5, 'Saepe ipsam eius vel commodi in eveniet. Perferendis animi asperiores cumque. Adipisci maiores rem dolor.', 'Quo iusto iste voluptas. Harum exercitationem blanditiis placeat laborum cumque facilis. Similique dolores est et aut necessitatibus et aut voluptatem. Sit deleniti et qui quia doloribus accusamus.', 'https://via.placeholder.com/640x480.png/00bbaa?text=incidunt', 6192, '2024-10-05 02:26:25', '2024-10-05 02:26:25', NULL),
(15, 'Ms. Katlynn Dibbert Sr.', 2, 'Id voluptas error culpa nam eum. Et voluptatem nesciunt fuga sunt. Exercitationem accusantium et sit rerum qui iure.', 'Qui tempore maiores perferendis aut magni omnis. Quo consequatur vel voluptas mollitia corrupti molestias. Ipsam inventore et omnis deserunt. Quibusdam commodi omnis ea qui voluptatum.', 'https://via.placeholder.com/640x480.png/00bbaa?text=consequatur', 3976, '2024-10-05 02:26:25', '2024-10-05 02:26:25', NULL),
(16, 'Dr. Cordell Goyette Jr.', 2, 'Dolore aut dolorem architecto consequuntur esse eum rerum. Id commodi a voluptates. Ut quis hic autem.', 'Non molestiae blanditiis natus. Dignissimos rem assumenda ut quibusdam minus. Ea rerum libero temporibus amet beatae.', 'https://via.placeholder.com/640x480.png/00dd55?text=voluptas', 8983, '2024-10-05 02:26:25', '2024-10-05 02:26:25', NULL),
(17, 'Amely Ziemann', 5, 'Tenetur rerum laudantium numquam voluptatem omnis. Beatae qui voluptate mollitia non inventore nihil. Eveniet molestiae reprehenderit natus voluptatum.', 'Consequatur blanditiis at et adipisci repellendus consequuntur quia quidem. Qui fugiat aperiam in dolores. Amet ab laudantium provident quia temporibus.', 'https://via.placeholder.com/640x480.png/0099bb?text=in', 8968, '2024-10-05 02:26:25', '2024-10-05 02:26:25', NULL),
(18, 'Davonte Runte', 4, 'Cumque consectetur qui molestiae quia quia assumenda. Et cum sit velit ut ut et dolor. Nulla qui consectetur sunt temporibus laborum assumenda quo. Et ut soluta illum iste eum dolor voluptatem.', 'Rerum animi eum praesentium illo. Eligendi maxime veniam quod inventore. Ut fuga mollitia est. Nulla numquam et iusto doloribus.', 'https://via.placeholder.com/640x480.png/00ff55?text=accusamus', 2549, '2024-10-05 02:26:25', '2024-10-05 02:26:25', NULL),
(19, 'Mr. Torrey Lemke III', 1, 'Nihil rem ut alias placeat animi possimus. Eos quam molestias vel in dolores blanditiis molestiae. Odit aperiam officiis cum dolor a.', 'Debitis inventore quibusdam similique dolores iste. Culpa fuga quis illo dolorem. Dolores aliquid est voluptatem repudiandae quam et soluta ullam.', 'https://via.placeholder.com/640x480.png/00ee00?text=porro', 1247, '2024-10-05 02:26:25', '2024-10-05 02:26:25', NULL),
(20, 'Ewald Carroll IV', 5, 'Maxime quos laboriosam recusandae. Officia fugit non quo qui unde. Nobis enim dolores labore. Ab et ab accusantium delectus.', 'Rerum autem quo architecto corporis maxime in. Adipisci labore ut omnis. Totam suscipit libero aperiam doloribus.', 'https://via.placeholder.com/640x480.png/0099ff?text=laboriosam', 3045, '2024-10-05 02:26:25', '2024-10-05 02:26:25', NULL),
(21, 'Susie Rogahn V', 5, 'Dolore temporibus voluptatum dicta tenetur et. Culpa autem odit dignissimos minima. Et qui blanditiis sit eos in.', 'Dolores optio voluptates est facilis modi a sit fuga. Suscipit error magni maiores aperiam est et. Inventore quis dolorem consequatur deleniti quod aliquid.', 'https://via.placeholder.com/640x480.png/00ff22?text=vel', 5447, '2024-10-05 02:26:25', '2024-10-05 02:26:25', NULL),
(22, 'Halie Trantow', 5, 'Quia quod ut id. Nulla minima molestias nam id. Ut dolorem vel enim officia dicta dolorum. Doloribus quo harum accusamus.', 'Et sed dolorem officiis laudantium. Officiis hic ipsum tempore omnis.', 'https://via.placeholder.com/640x480.png/00aa55?text=id', 4962, '2024-10-05 02:26:25', '2024-10-05 02:26:25', NULL),
(23, 'Ismael Moen Jr.', 1, 'Et vel asperiores necessitatibus odio dignissimos nihil qui. Quos aut quos sit et. Esse animi quisquam nesciunt dolor. Enim ipsa molestias est animi.', 'Expedita ea inventore illo. Rerum sed itaque laboriosam sed eaque. Et quia laborum voluptatibus quia.', 'https://via.placeholder.com/640x480.png/00ccbb?text=consequatur', 8020, '2024-10-05 02:26:25', '2024-10-05 02:26:25', NULL),
(24, 'Clay Kutch MD', 4, 'Labore est incidunt odit nam. Distinctio cupiditate ut totam ducimus nulla. Rem quisquam repellendus repellendus eos.', 'Quisquam eligendi accusamus quo mollitia vero asperiores. Id eveniet facilis at. Voluptatem accusantium omnis eligendi sequi reiciendis velit labore.', 'https://via.placeholder.com/640x480.png/00bbaa?text=et', 3975, '2024-10-05 02:26:25', '2024-10-05 02:26:25', NULL),
(25, 'Branson Murphy II', 2, 'Ratione aut quidem quis velit qui reiciendis a. Veniam ad repellat ut mollitia incidunt rerum sint. Voluptatibus est ea omnis qui sit odit.', 'Quis aut voluptatum earum optio voluptatum enim. Nesciunt fugiat magnam nesciunt et.', 'https://via.placeholder.com/640x480.png/00dd11?text=sed', 8448, '2024-10-05 02:26:25', '2024-10-05 02:26:25', NULL),
(26, 'Laura Miller', 3, 'Repellat sequi placeat earum minus cumque non. Itaque quam molestiae dicta ut est hic. Temporibus suscipit corrupti eaque nulla.', 'Sed consequatur amet nisi aut totam. Voluptas dolor et quisquam culpa molestias autem. Dolorem deserunt amet tenetur. Et non saepe voluptatem maiores dolores accusamus.', 'https://via.placeholder.com/640x480.png/001199?text=qui', 3680, '2024-10-05 02:26:25', '2024-10-05 02:26:25', NULL),
(27, 'Cooper Graham', 3, 'Non aut a maiores. Incidunt quia rerum id doloremque odit. Dolor dolores fugiat praesentium.', 'Quaerat maxime voluptatem aut corporis qui dolores qui. Doloribus aut autem est eius eos. Autem consequatur eveniet sapiente necessitatibus.', 'https://via.placeholder.com/640x480.png/0099dd?text=qui', 6993, '2024-10-05 02:26:25', '2024-10-05 02:26:25', NULL),
(28, 'Prof. Jane Willms MD', 3, 'Laudantium dolores eum qui modi doloremque. Rem sed nisi quidem nemo nulla accusantium debitis deserunt.', 'Tenetur velit quo maiores. Facere dolorem saepe rerum nihil non. Quibusdam ut delectus minima mollitia.', 'https://via.placeholder.com/640x480.png/0088cc?text=magnam', 5942, '2024-10-05 02:26:25', '2024-10-05 02:26:25', NULL),
(29, 'Earnestine Kuhn', 4, 'Totam non ea eum quos doloremque omnis. Quisquam nesciunt quas qui quasi voluptas. Culpa omnis dolor rerum odio dignissimos aut excepturi aspernatur.', 'Ea eaque nostrum eum quis ab. Doloremque magni quod nihil mollitia nam rem. Vel delectus et quo voluptatum. Est et in inventore dolor.', 'https://via.placeholder.com/640x480.png/00dd44?text=nemo', 7746, '2024-10-05 02:26:25', '2024-10-05 02:26:25', NULL),
(30, 'Rhiannon Waelchi', 2, 'Voluptates architecto consequatur laboriosam esse rerum atque. Temporibus voluptatibus eligendi eaque perspiciatis molestias.', 'Ut laboriosam omnis enim excepturi. Quia voluptatem minima quibusdam numquam soluta. Qui laborum blanditiis culpa molestiae beatae perferendis sed.', 'https://via.placeholder.com/640x480.png/001177?text=et', 6686, '2024-10-05 02:26:25', '2024-10-05 02:26:25', NULL),
(31, 'Sharon Denesik', 4, 'Pariatur omnis itaque sequi eaque. Aut earum molestiae ab. Animi quaerat et quia voluptatem.', 'Adipisci natus et repudiandae in voluptatem. Molestiae ea doloremque dolorem sit minus dicta delectus. Officiis aut veniam temporibus iure.', 'https://via.placeholder.com/640x480.png/00eeee?text=perspiciatis', 8010, '2024-10-05 02:26:25', '2024-10-05 02:26:25', NULL),
(32, 'Jerod Lemke', 2, 'Et incidunt est quia deleniti. Qui assumenda in et aut modi sit. Et itaque quod consequatur.', 'Voluptatem quisquam eaque vitae. Sit commodi praesentium vel rem iusto. Dolor adipisci illo est magnam soluta quia. Omnis sit fugit alias qui est aut.', 'https://via.placeholder.com/640x480.png/009955?text=harum', 2119, '2024-10-05 02:26:25', '2024-10-05 02:26:25', NULL),
(33, 'Dr. Annamarie Labadie', 3, 'Pariatur tempore amet ut doloribus. Dolor commodi consequatur et. Error non libero labore minima pariatur.', 'Sint vel quia commodi aut molestiae. Et consequatur minima itaque voluptate sit molestias totam suscipit. Velit eos alias tempore ut ut suscipit voluptas. Soluta perspiciatis et sunt repellat.', 'https://via.placeholder.com/640x480.png/00aaaa?text=fugiat', 3732, '2024-10-05 02:26:25', '2024-10-05 02:26:25', NULL),
(34, 'Karolann Mosciski', 3, 'Aut nam veniam provident tempore sit voluptate. Aut eius optio et dicta excepturi. Officia quia ipsam explicabo veniam id voluptatibus maxime itaque.', 'Rem ducimus sed error voluptatem quis quidem. Vel iure vel qui fuga. Soluta nemo culpa omnis est culpa sit.', 'https://via.placeholder.com/640x480.png/004477?text=ratione', 5168, '2024-10-05 02:26:25', '2024-10-05 02:26:25', NULL),
(35, 'Paul Bode', 4, 'Corrupti alias unde perspiciatis architecto. Ut ex rerum totam. Quam consequuntur ut laboriosam fuga sint veniam consequatur. Doloribus nihil adipisci neque iure aut reprehenderit id.', 'Temporibus dolore corporis reiciendis. In eligendi alias totam eos aliquid. Ipsam qui quos quis id cupiditate qui eum.', 'https://via.placeholder.com/640x480.png/00bb99?text=hic', 1271, '2024-10-05 02:26:25', '2024-10-05 02:26:25', NULL),
(36, 'Ms. Raphaelle Schultz', 2, 'Error omnis aliquid ut voluptas veniam quas. Vel quibusdam sit minus voluptatum at alias. Et saepe odit similique aut.', 'Qui commodi ut cumque voluptatem perferendis. Dolorem ratione consectetur consequuntur voluptas illum tempore cum. Fugiat ut illo ut in voluptates vero fuga vero.', 'https://via.placeholder.com/640x480.png/00ee44?text=illo', 6143, '2024-10-05 02:26:25', '2024-10-05 02:26:25', NULL),
(37, 'Prof. Palma Beatty II', 1, 'Voluptatum maxime expedita culpa deserunt aut. Omnis et et explicabo sed. Voluptas numquam ad sed quaerat qui. Officia error vel rerum vitae. Et alias tenetur eligendi voluptatem.', 'Et qui magni sed. Molestiae architecto qui omnis ea veniam possimus quo quis. Molestiae commodi earum et vel cupiditate ut.', 'https://via.placeholder.com/640x480.png/00bb66?text=eos', 8048, '2024-10-05 02:26:25', '2024-10-05 02:26:25', NULL),
(38, 'Sylvester Haag', 2, 'Eaque autem excepturi similique velit et tempore necessitatibus qui. Quas maiores et et qui dolores quod. Debitis delectus est quidem eum sint odit.', 'Omnis eius magnam et enim magnam eaque. Quae natus qui officiis. Voluptatem unde mollitia ad aut et magni commodi saepe.', 'https://via.placeholder.com/640x480.png/0044bb?text=reprehenderit', 6688, '2024-10-05 02:26:25', '2024-10-05 02:26:25', NULL),
(39, 'Orrin Bartoletti', 3, 'Similique sed consequatur aut dolorum omnis minus error. Harum possimus quam sit atque. Odit ea qui amet aut et sunt et et.', 'Molestias ea eaque reprehenderit autem neque maxime ratione. Aut velit eligendi repellendus non soluta quas ut amet. Alias id commodi optio assumenda sed est. Qui magnam alias nam modi ratione sequi.', 'https://via.placeholder.com/640x480.png/0099bb?text=reiciendis', 7305, '2024-10-05 02:26:25', '2024-10-05 02:26:25', NULL),
(40, 'Ollie DuBuque', 1, 'Voluptatum perspiciatis nam explicabo iste perspiciatis rem. Omnis et consequatur quibusdam ad. Omnis ut sequi aliquam rerum.', 'Eos consequatur laborum et quo non maxime. Quasi optio quas nesciunt ex debitis.', 'https://via.placeholder.com/640x480.png/00dd55?text=ad', 8037, '2024-10-05 02:26:25', '2024-10-05 02:26:25', NULL),
(41, 'Rocky Grimes', 4, 'Vel pariatur ut autem et ipsum. Qui maiores eos assumenda ullam. Eum tempore aut itaque ipsam non. Omnis quia rerum quam debitis sit aut. Autem ut et est saepe. Dolor doloribus facere eos minus eum.', 'Eum omnis sit impedit et suscipit. Ducimus repudiandae occaecati quaerat corporis. Iste vitae eos voluptas expedita.', 'https://via.placeholder.com/640x480.png/005555?text=consequatur', 5283, '2024-10-05 02:26:25', '2024-10-05 02:26:25', NULL),
(42, 'Bernadette Hirthe', 5, 'Totam repellat ab non reprehenderit. Hic quos deleniti quo maxime omnis alias. Consequuntur nostrum alias quia velit dolores.', 'Delectus qui et consequatur et recusandae aliquam eos. Officia non tempora ea aut quam aut nemo. Quia quas ad possimus odit. In magni dolorem hic.', 'https://via.placeholder.com/640x480.png/002255?text=praesentium', 7917, '2024-10-05 02:26:25', '2024-10-05 02:26:25', NULL),
(43, 'Dr. Isac Gerhold DDS', 4, 'Repudiandae id numquam veniam sit commodi perspiciatis est. Ut ea et excepturi rerum itaque. Repellat ut ex quas maxime accusantium. Et est ad natus ab.', 'Nesciunt natus totam nulla non. Omnis error consequatur corporis dolorum qui consequatur. Ex voluptatem iusto enim debitis.', 'https://via.placeholder.com/640x480.png/00ddaa?text=eum', 4759, '2024-10-05 02:26:25', '2024-10-05 02:26:25', NULL),
(44, 'Zetta Lubowitz', 2, 'Quia doloremque omnis porro ut quaerat. Sequi in quasi fugit non. Debitis voluptates dicta dolorem. Maiores eaque alias quo quod nesciunt a praesentium.', 'Libero id et commodi omnis quo. Beatae iste voluptate autem quo autem. Incidunt officiis aut non enim maiores ullam. Sunt ut similique repellendus labore.', 'https://via.placeholder.com/640x480.png/007788?text=voluptas', 4319, '2024-10-05 02:26:25', '2024-10-05 02:26:25', NULL),
(45, 'Angus Williamson', 1, 'Exercitationem odio aliquam inventore atque. Enim enim nihil numquam neque autem. Quia enim deleniti vero enim dolores pariatur.', 'Nesciunt voluptatem minima iste maiores laudantium. Explicabo exercitationem facilis est maiores facere dolores eveniet. Saepe dolorum tempore velit et nobis et eligendi consequatur.', 'https://via.placeholder.com/640x480.png/002233?text=beatae', 8819, '2024-10-05 02:26:25', '2024-10-05 02:26:25', NULL),
(47, 'Lester Block', 2, 'Voluptatibus velit sit nisi. Rem eaque impedit veniam cum necessitatibus qui. Inventore consequatur sunt dolor veniam et odio asperiores.', 'Dolores temporibus dignissimos non minima vitae est beatae. Accusantium at praesentium culpa sunt eos at. Dignissimos tenetur perspiciatis in soluta itaque cumque.', 'https://via.placeholder.com/640x480.png/001188?text=est', 7640, '2024-10-05 02:26:25', '2024-10-05 02:26:25', NULL),
(48, 'Dr. Piper Raynor Sr.', 3, 'Rerum consequatur ducimus numquam impedit. Aliquid ad modi expedita non dolor dicta esse. Quos incidunt modi omnis autem sunt dolores. Possimus sed modi itaque omnis est harum eius.', 'Eos corrupti sint quo aspernatur et dolores. Nisi quisquam sed consequatur. Ab nisi voluptas enim in quasi culpa.', 'https://via.placeholder.com/640x480.png/002255?text=animi', 3185, '2024-10-05 02:26:25', '2024-10-05 02:26:25', NULL),
(49, 'Davon Hansen', 2, 'Culpa aut ut sapiente. Repellendus a quo soluta nesciunt magnam atque. Ea qui dolores ut eum explicabo voluptas ducimus. Laboriosam dolores magni odit quos eveniet illo.', 'Eos et temporibus quos omnis est ea ut. Deserunt ea ratione porro error vero laudantium. Velit architecto quia delectus dolores voluptatem vero. Dolor blanditiis animi ratione voluptas rem.', 'https://via.placeholder.com/640x480.png/00bb00?text=quisquam', 8257, '2024-10-05 02:26:25', '2024-10-05 02:26:25', NULL),
(50, 'Prof. Shayne Bartoletti V', 5, 'Modi voluptatem voluptatibus facilis soluta. Qui beatae similique dolores. Quasi ab est laudantium voluptatem. Quas voluptas labore voluptatem blanditiis quas.', 'Qui culpa voluptate qui doloribus vero. Est aut accusamus ut provident illum.', 'https://via.placeholder.com/640x480.png/0099ee?text=laboriosam', 7388, '2024-10-05 02:26:25', '2024-10-05 02:26:25', NULL),
(51, 'Kinh tế cuối năm 2024', 1, 'Giá vàng tăng cao', 'Nothing text1', 'posts/zORzD9h4suQhjwvt29mgkZcsxORSMzFfudYmlAlg.jpg', 12345, '2024-10-06 06:06:46', '2024-10-06 06:06:46', NULL),
(53, 'Kinh tế cuối năm 2024', 1, 'Giá vàng tăng mạnh', 'Giá vàng tăng mạnhGiá vàng tăng mạnhGiá vàng tăng mạnhGiá vàng tăng mạnhGiá vàng tăng mạnhGiá vàng tăng mạnhGiá vàng tăng mạnh', 'posts/Fny74I4YFcVJbGbwtgb5uXwyiVkJUWVdvHe8fa6K.jpg', 12345, '2024-10-06 06:09:56', '2024-10-06 06:09:56', NULL),
(56, 'Kinh tế cuối năm 2024', 1, 'Giá vàng tăng mạnh', 'Giá vàng tăng mạnhGiá vàng tăng mạnhGiá vàng tăng mạnhGiá vàng tăng mạnhGiá vàng tăng mạnhGiá vàng tăng mạnhGiá vàng tăng mạnh', 'posts/DX47fPl8OcKlmwkgBJ2D3WIk7szUaYGV1cgQnhOy.jpg', 12345, '2024-10-06 06:13:13', '2024-10-06 06:13:13', NULL),
(57, 'Kinh tế cuối năm 2024', 1, 'Giá vàng tăng mạnh', 'Giá vàng tăng mạnhGiá vàng tăng mạnhGiá vàng tăng mạnhGiá vàng tăng mạnhGiá vàng tăng mạnhGiá vàng tăng mạnhGiá vàng tăng mạnh', 'posts/oJlSl606Ey8xNHgOQAZt9McD5SV5uzStgWkSEh37.jpg', 12345, '2024-10-06 06:14:20', '2024-10-06 06:14:20', NULL),
(63, 'Mẹc Sơ Đẹc', 1, '123', '1233312', 'posts/rQeSIKATPiPT3E5X15jev5gTQannELxWGUKy92uQ.webp', 123, '2024-10-06 06:41:47', '2024-10-07 07:52:34', '2024-10-07 07:52:34'),
(84, 'test123', 1, '123', '123', 'posts/oHRUrENa4KPHlcehVpeZ8rgljrD2wCQyuD3JElTX.jpg', 1234123, '2024-10-07 07:49:17', '2024-10-07 07:51:20', NULL),
(85, '321', 5, '123', '321', 'posts/9X30nGweCdr5iDfljeCNJAmWt1a52KPLuyeiEvzD.webp', 123321, '2024-10-07 07:53:02', '2024-10-07 07:53:02', NULL),
(86, '333311', 1, '11233321', '12312312', NULL, 123, '2024-10-07 07:53:36', '2024-10-07 07:54:40', '2024-10-07 07:54:40'),
(87, '123', 1, '123', '123', NULL, 123, '2024-10-07 07:54:49', '2024-10-07 07:54:49', NULL);

-- --------------------------------------------------------

--
-- Table structure for table `users`
--

CREATE TABLE `users` (
  `id` bigint UNSIGNED NOT NULL,
  `name` varchar(255) COLLATE utf8mb4_unicode_ci NOT NULL,
  `email` varchar(255) COLLATE utf8mb4_unicode_ci NOT NULL,
  `email_verified_at` timestamp NULL DEFAULT NULL,
  `password` varchar(255) COLLATE utf8mb4_unicode_ci NOT NULL,
  `remember_token` varchar(100) COLLATE utf8mb4_unicode_ci DEFAULT NULL,
  `created_at` timestamp NULL DEFAULT NULL,
  `updated_at` timestamp NULL DEFAULT NULL
) ENGINE=InnoDB DEFAULT CHARSET=utf8mb4 COLLATE=utf8mb4_unicode_ci;

--
-- Dumping data for table `users`
--

INSERT INTO `users` (`id`, `name`, `email`, `email_verified_at`, `password`, `remember_token`, `created_at`, `updated_at`) VALUES
(1, 'Aaliyah Ledner Jr.', 'yasmeen.west@example.net', '2024-09-28 02:34:08', '$2y$12$ePTi50DqcrDulxa5GaOnseusuhgGAq9udXQJqhuUOc5isCXysdCiK', 'MbzMCxYahm', '2024-09-28 02:34:09', '2024-09-28 02:34:09'),
(2, 'Roscoe Beahan', 'felton69@example.net', '2024-09-28 02:34:08', '$2y$12$ePTi50DqcrDulxa5GaOnseusuhgGAq9udXQJqhuUOc5isCXysdCiK', 'CerzExK9ga', '2024-09-28 02:34:09', '2024-09-28 02:34:09'),
(3, 'Brendon Fahey', 'lizzie84@example.org', '2024-09-28 02:34:08', '$2y$12$ePTi50DqcrDulxa5GaOnseusuhgGAq9udXQJqhuUOc5isCXysdCiK', 'TCR2Krp03T', '2024-09-28 02:34:09', '2024-09-28 02:34:09'),
(4, 'Levi Ledner', 'macejkovic.rebecca@example.net', '2024-09-28 02:34:08', '$2y$12$ePTi50DqcrDulxa5GaOnseusuhgGAq9udXQJqhuUOc5isCXysdCiK', 'YnGzLVX1se', '2024-09-28 02:34:09', '2024-09-28 02:34:09'),
(5, 'Emmanuelle Heaney', 'zack.klein@example.net', '2024-09-28 02:34:08', '$2y$12$ePTi50DqcrDulxa5GaOnseusuhgGAq9udXQJqhuUOc5isCXysdCiK', 'H9zy63cDBJ', '2024-09-28 02:34:09', '2024-09-28 02:34:09'),
(6, 'Magdalen Feil Jr.', 'wbailey@example.net', '2024-09-28 02:34:08', '$2y$12$ePTi50DqcrDulxa5GaOnseusuhgGAq9udXQJqhuUOc5isCXysdCiK', 'YfVV3c0bV2', '2024-09-28 02:34:09', '2024-09-28 02:34:09'),
(7, 'Paula Kuphal', 'dkoss@example.net', '2024-09-28 02:34:08', '$2y$12$ePTi50DqcrDulxa5GaOnseusuhgGAq9udXQJqhuUOc5isCXysdCiK', 'bSH4PUMyZ0', '2024-09-28 02:34:09', '2024-09-28 02:34:09'),
(8, 'Ms. Raphaelle Prohaska MD', 'khalid.mcclure@example.org', '2024-09-28 02:34:08', '$2y$12$ePTi50DqcrDulxa5GaOnseusuhgGAq9udXQJqhuUOc5isCXysdCiK', 'UfSkpoabwf', '2024-09-28 02:34:09', '2024-09-28 02:34:09'),
(9, 'Nikita Bednar', 'deja12@example.org', '2024-09-28 02:34:08', '$2y$12$ePTi50DqcrDulxa5GaOnseusuhgGAq9udXQJqhuUOc5isCXysdCiK', 'yGR9SM1lde', '2024-09-28 02:34:09', '2024-09-28 02:34:09'),
(10, 'Brianne Kuhlman', 'jacobi.robb@example.org', '2024-09-28 02:34:08', '$2y$12$ePTi50DqcrDulxa5GaOnseusuhgGAq9udXQJqhuUOc5isCXysdCiK', 'U5qdQ2hiqe', '2024-09-28 02:34:09', '2024-09-28 02:34:09'),
(11, 'Lurline Stark', 'ibuckridge@example.net', '2024-09-28 02:34:08', '$2y$12$ePTi50DqcrDulxa5GaOnseusuhgGAq9udXQJqhuUOc5isCXysdCiK', 'Bvde4xGC7O', '2024-09-28 02:34:09', '2024-09-28 02:34:09'),
(12, 'Dr. Ulices Robel Jr.', 'vlubowitz@example.net', '2024-09-28 02:34:08', '$2y$12$ePTi50DqcrDulxa5GaOnseusuhgGAq9udXQJqhuUOc5isCXysdCiK', 'yQCv2Z0gFU', '2024-09-28 02:34:09', '2024-09-28 02:34:09'),
(13, 'Abigayle Orn', 'vito70@example.net', '2024-09-28 02:34:08', '$2y$12$ePTi50DqcrDulxa5GaOnseusuhgGAq9udXQJqhuUOc5isCXysdCiK', '7vUVtJmo3R', '2024-09-28 02:34:09', '2024-09-28 02:34:09'),
(14, 'Ms. Ava Reilly', 'hkshlerin@example.net', '2024-09-28 02:34:08', '$2y$12$ePTi50DqcrDulxa5GaOnseusuhgGAq9udXQJqhuUOc5isCXysdCiK', 'g4fDFCe5he', '2024-09-28 02:34:09', '2024-09-28 02:34:09'),
(15, 'Isabelle Strosin', 'murray.alfonso@example.org', '2024-09-28 02:34:08', '$2y$12$ePTi50DqcrDulxa5GaOnseusuhgGAq9udXQJqhuUOc5isCXysdCiK', 'gNGwQUPYQs', '2024-09-28 02:34:09', '2024-09-28 02:34:09'),
(16, 'Prof. Montana Harber', 'nicolas.brett@example.net', '2024-09-28 02:34:08', '$2y$12$ePTi50DqcrDulxa5GaOnseusuhgGAq9udXQJqhuUOc5isCXysdCiK', 'SKw15EFUjj', '2024-09-28 02:34:09', '2024-09-28 02:34:09'),
(17, 'Miss Jannie Graham', 'xbruen@example.org', '2024-09-28 02:34:08', '$2y$12$ePTi50DqcrDulxa5GaOnseusuhgGAq9udXQJqhuUOc5isCXysdCiK', 'rKYtv0gah2', '2024-09-28 02:34:09', '2024-09-28 02:34:09'),
(18, 'Dr. Austyn Cassin Sr.', 'nbayer@example.com', '2024-09-28 02:34:08', '$2y$12$ePTi50DqcrDulxa5GaOnseusuhgGAq9udXQJqhuUOc5isCXysdCiK', 'pK2RpwttYb', '2024-09-28 02:34:09', '2024-09-28 02:34:09'),
(19, 'Corene Gleichner', 'mandy96@example.net', '2024-09-28 02:34:08', '$2y$12$ePTi50DqcrDulxa5GaOnseusuhgGAq9udXQJqhuUOc5isCXysdCiK', 'OoUAGNk498', '2024-09-28 02:34:09', '2024-09-28 02:34:09'),
(20, 'Grace Pfeffer', 'marisol.doyle@example.com', '2024-09-28 02:34:08', '$2y$12$ePTi50DqcrDulxa5GaOnseusuhgGAq9udXQJqhuUOc5isCXysdCiK', 'Rt7nDMXUIx', '2024-09-28 02:34:09', '2024-09-28 02:34:09'),
(21, 'Elias Hermann', 'jyost@example.com', '2024-09-28 02:34:08', '$2y$12$ePTi50DqcrDulxa5GaOnseusuhgGAq9udXQJqhuUOc5isCXysdCiK', 'fgTOzSL0vL', '2024-09-28 02:34:09', '2024-09-28 02:34:09'),
(22, 'Adonis Muller', 'dillan.littel@example.net', '2024-09-28 02:34:08', '$2y$12$ePTi50DqcrDulxa5GaOnseusuhgGAq9udXQJqhuUOc5isCXysdCiK', 'hY8vg8iW5n', '2024-09-28 02:34:09', '2024-09-28 02:34:09'),
(23, 'Earlene Rutherford', 'dlittle@example.com', '2024-09-28 02:34:08', '$2y$12$ePTi50DqcrDulxa5GaOnseusuhgGAq9udXQJqhuUOc5isCXysdCiK', 'sUIdixRYsw', '2024-09-28 02:34:09', '2024-09-28 02:34:09'),
(24, 'Lucile Haag', 'morar.katheryn@example.com', '2024-09-28 02:34:08', '$2y$12$ePTi50DqcrDulxa5GaOnseusuhgGAq9udXQJqhuUOc5isCXysdCiK', 'eRQCrb3fQJ', '2024-09-28 02:34:09', '2024-09-28 02:34:09'),
(25, 'Dayne DuBuque', 'theodore.watsica@example.org', '2024-09-28 02:34:08', '$2y$12$ePTi50DqcrDulxa5GaOnseusuhgGAq9udXQJqhuUOc5isCXysdCiK', '2uVEC5AaBw', '2024-09-28 02:34:09', '2024-09-28 02:34:09'),
(26, 'Daisy Jerde', 'cayla.koelpin@example.org', '2024-09-28 02:34:08', '$2y$12$ePTi50DqcrDulxa5GaOnseusuhgGAq9udXQJqhuUOc5isCXysdCiK', 'ZSgWEwsyje', '2024-09-28 02:34:09', '2024-09-28 02:34:09'),
(27, 'Phoebe Balistreri', 'arlo06@example.com', '2024-09-28 02:34:08', '$2y$12$ePTi50DqcrDulxa5GaOnseusuhgGAq9udXQJqhuUOc5isCXysdCiK', 'nCxnTqYyGq', '2024-09-28 02:34:09', '2024-09-28 02:34:09'),
(28, 'Cruz Beier', 'norma12@example.com', '2024-09-28 02:34:08', '$2y$12$ePTi50DqcrDulxa5GaOnseusuhgGAq9udXQJqhuUOc5isCXysdCiK', 'Uw4s7vjVz8', '2024-09-28 02:34:09', '2024-09-28 02:34:09'),
(29, 'Amber Bauch', 'tito.collier@example.net', '2024-09-28 02:34:08', '$2y$12$ePTi50DqcrDulxa5GaOnseusuhgGAq9udXQJqhuUOc5isCXysdCiK', '7XQFdEppuy', '2024-09-28 02:34:09', '2024-09-28 02:34:09'),
(30, 'Prof. Abel Thompson', 'goldner.effie@example.org', '2024-09-28 02:34:08', '$2y$12$ePTi50DqcrDulxa5GaOnseusuhgGAq9udXQJqhuUOc5isCXysdCiK', 'cSVGXsnLj6', '2024-09-28 02:34:09', '2024-09-28 02:34:09'),
(31, 'Hailey Farrell', 'una53@example.org', '2024-09-28 02:34:08', '$2y$12$ePTi50DqcrDulxa5GaOnseusuhgGAq9udXQJqhuUOc5isCXysdCiK', 'Bh3am6AMZ3', '2024-09-28 02:34:09', '2024-09-28 02:34:09'),
(32, 'Mrs. Ashleigh Murazik', 'clarissa78@example.com', '2024-09-28 02:34:08', '$2y$12$ePTi50DqcrDulxa5GaOnseusuhgGAq9udXQJqhuUOc5isCXysdCiK', 'HIbhm3ZY4s', '2024-09-28 02:34:09', '2024-09-28 02:34:09'),
(33, 'Doug Considine', 'porter70@example.org', '2024-09-28 02:34:08', '$2y$12$ePTi50DqcrDulxa5GaOnseusuhgGAq9udXQJqhuUOc5isCXysdCiK', 'Ksa2MFLmmd', '2024-09-28 02:34:09', '2024-09-28 02:34:09'),
(34, 'Stan Koch', 'gutmann.bill@example.net', '2024-09-28 02:34:08', '$2y$12$ePTi50DqcrDulxa5GaOnseusuhgGAq9udXQJqhuUOc5isCXysdCiK', 'RJYjVu4KqV', '2024-09-28 02:34:09', '2024-09-28 02:34:09'),
(35, 'Miss Retta Feest Sr.', 'kathleen.volkman@example.net', '2024-09-28 02:34:08', '$2y$12$ePTi50DqcrDulxa5GaOnseusuhgGAq9udXQJqhuUOc5isCXysdCiK', '7gNZ5Hi2aU', '2024-09-28 02:34:09', '2024-09-28 02:34:09'),
(36, 'Miss Ebony Schaefer II', 'welch.mose@example.net', '2024-09-28 02:34:08', '$2y$12$ePTi50DqcrDulxa5GaOnseusuhgGAq9udXQJqhuUOc5isCXysdCiK', 'fOOnhXYVPE', '2024-09-28 02:34:09', '2024-09-28 02:34:09'),
(37, 'Saul Lynch', 'martin34@example.org', '2024-09-28 02:34:08', '$2y$12$ePTi50DqcrDulxa5GaOnseusuhgGAq9udXQJqhuUOc5isCXysdCiK', 'wsDSoBPkzm', '2024-09-28 02:34:09', '2024-09-28 02:34:09'),
(38, 'Macie Erdman III', 'mikayla.cassin@example.net', '2024-09-28 02:34:08', '$2y$12$ePTi50DqcrDulxa5GaOnseusuhgGAq9udXQJqhuUOc5isCXysdCiK', 'fHD9ar8plY', '2024-09-28 02:34:09', '2024-09-28 02:34:09'),
(39, 'Felicity Gibson', 'lexie09@example.org', '2024-09-28 02:34:08', '$2y$12$ePTi50DqcrDulxa5GaOnseusuhgGAq9udXQJqhuUOc5isCXysdCiK', '7aLyknzGeX', '2024-09-28 02:34:09', '2024-09-28 02:34:09'),
(40, 'Bobbie Casper', 'clair.hoppe@example.com', '2024-09-28 02:34:08', '$2y$12$ePTi50DqcrDulxa5GaOnseusuhgGAq9udXQJqhuUOc5isCXysdCiK', '5wnFAHpnop', '2024-09-28 02:34:09', '2024-09-28 02:34:09'),
(41, 'Cristobal Hamill', 'jbosco@example.net', '2024-09-28 02:34:08', '$2y$12$ePTi50DqcrDulxa5GaOnseusuhgGAq9udXQJqhuUOc5isCXysdCiK', '9oythhXH6s', '2024-09-28 02:34:09', '2024-09-28 02:34:09'),
(42, 'Dr. Jalon Stokes PhD', 'alfonso.tromp@example.com', '2024-09-28 02:34:08', '$2y$12$ePTi50DqcrDulxa5GaOnseusuhgGAq9udXQJqhuUOc5isCXysdCiK', 'T6P4rufod9', '2024-09-28 02:34:09', '2024-09-28 02:34:09'),
(43, 'Tod Hoeger', 'fpurdy@example.com', '2024-09-28 02:34:08', '$2y$12$ePTi50DqcrDulxa5GaOnseusuhgGAq9udXQJqhuUOc5isCXysdCiK', 'tij1gk0MND', '2024-09-28 02:34:09', '2024-09-28 02:34:09'),
(44, 'Bernice Parker Sr.', 'feest.antoinette@example.org', '2024-09-28 02:34:08', '$2y$12$ePTi50DqcrDulxa5GaOnseusuhgGAq9udXQJqhuUOc5isCXysdCiK', 'posu2YnbrD', '2024-09-28 02:34:09', '2024-09-28 02:34:09'),
(45, 'Maximilian Ziemann', 'kabernathy@example.org', '2024-09-28 02:34:08', '$2y$12$ePTi50DqcrDulxa5GaOnseusuhgGAq9udXQJqhuUOc5isCXysdCiK', 'Ge8cFcxSmT', '2024-09-28 02:34:09', '2024-09-28 02:34:09'),
(46, 'Hershel Davis', 'hillard.orn@example.com', '2024-09-28 02:34:08', '$2y$12$ePTi50DqcrDulxa5GaOnseusuhgGAq9udXQJqhuUOc5isCXysdCiK', 'yY1wt4VDLu', '2024-09-28 02:34:09', '2024-09-28 02:34:09'),
(47, 'Carson Hudson', 'qrussel@example.com', '2024-09-28 02:34:08', '$2y$12$ePTi50DqcrDulxa5GaOnseusuhgGAq9udXQJqhuUOc5isCXysdCiK', '2gGB3qiz7g', '2024-09-28 02:34:09', '2024-09-28 02:34:09'),
(48, 'Kane Orn', 'eboehm@example.com', '2024-09-28 02:34:08', '$2y$12$ePTi50DqcrDulxa5GaOnseusuhgGAq9udXQJqhuUOc5isCXysdCiK', 'n20ECk1MN8', '2024-09-28 02:34:09', '2024-09-28 02:34:09'),
(49, 'Brendon Wolff Jr.', 'luciano.rath@example.org', '2024-09-28 02:34:08', '$2y$12$ePTi50DqcrDulxa5GaOnseusuhgGAq9udXQJqhuUOc5isCXysdCiK', 'xJJnmJq80g', '2024-09-28 02:34:09', '2024-09-28 02:34:09'),
(50, 'Mrs. Brenna Vandervort IV', 'kerluke.herman@example.com', '2024-09-28 02:34:08', '$2y$12$ePTi50DqcrDulxa5GaOnseusuhgGAq9udXQJqhuUOc5isCXysdCiK', 'GIgdOOLjJd', '2024-09-28 02:34:09', '2024-09-28 02:34:09'),
(51, 'Marisa Wunsch IV', 'scotty.prosacco@example.net', '2024-09-28 02:34:08', '$2y$12$ePTi50DqcrDulxa5GaOnseusuhgGAq9udXQJqhuUOc5isCXysdCiK', 'fENieBxh5p', '2024-09-28 02:34:09', '2024-09-28 02:34:09'),
(52, 'Dr. Toni Kilback', 'adrienne.lueilwitz@example.org', '2024-09-28 02:34:08', '$2y$12$ePTi50DqcrDulxa5GaOnseusuhgGAq9udXQJqhuUOc5isCXysdCiK', 'D5BoMmm151', '2024-09-28 02:34:09', '2024-09-28 02:34:09'),
(53, 'Mr. Travis Ryan DVM', 'ksanford@example.net', '2024-09-28 02:34:08', '$2y$12$ePTi50DqcrDulxa5GaOnseusuhgGAq9udXQJqhuUOc5isCXysdCiK', 'uGnig2LwjJ', '2024-09-28 02:34:09', '2024-09-28 02:34:09'),
(54, 'Burdette King', 'dallas.wyman@example.net', '2024-09-28 02:34:08', '$2y$12$ePTi50DqcrDulxa5GaOnseusuhgGAq9udXQJqhuUOc5isCXysdCiK', 'u2UhKSTH6N', '2024-09-28 02:34:09', '2024-09-28 02:34:09'),
(55, 'Joelle Schmidt', 'kiel62@example.net', '2024-09-28 02:34:08', '$2y$12$ePTi50DqcrDulxa5GaOnseusuhgGAq9udXQJqhuUOc5isCXysdCiK', 'jVBL0pr1Qe', '2024-09-28 02:34:09', '2024-09-28 02:34:09'),
(56, 'Jessy Gorczany PhD', 'senger.corbin@example.org', '2024-09-28 02:34:08', '$2y$12$ePTi50DqcrDulxa5GaOnseusuhgGAq9udXQJqhuUOc5isCXysdCiK', 'uvb5CjqQSh', '2024-09-28 02:34:09', '2024-09-28 02:34:09'),
(57, 'Miracle Trantow', 'ziemann.fern@example.com', '2024-09-28 02:34:08', '$2y$12$ePTi50DqcrDulxa5GaOnseusuhgGAq9udXQJqhuUOc5isCXysdCiK', 'Yb2DVXTnrg', '2024-09-28 02:34:09', '2024-09-28 02:34:09'),
(58, 'Jada Bins', 'nrempel@example.com', '2024-09-28 02:34:08', '$2y$12$ePTi50DqcrDulxa5GaOnseusuhgGAq9udXQJqhuUOc5isCXysdCiK', 'ekFD8wRFy6', '2024-09-28 02:34:09', '2024-09-28 02:34:09'),
(59, 'Deven Bode', 'leuschke.jeffrey@example.com', '2024-09-28 02:34:08', '$2y$12$ePTi50DqcrDulxa5GaOnseusuhgGAq9udXQJqhuUOc5isCXysdCiK', 'TccvEwcBvE', '2024-09-28 02:34:09', '2024-09-28 02:34:09'),
(60, 'Jacky Kilback DVM', 'charity.maggio@example.com', '2024-09-28 02:34:08', '$2y$12$ePTi50DqcrDulxa5GaOnseusuhgGAq9udXQJqhuUOc5isCXysdCiK', 'fWh84HXkia', '2024-09-28 02:34:09', '2024-09-28 02:34:09'),
(61, 'Myrtle Ward', 'vaughn.cremin@example.org', '2024-09-28 02:34:08', '$2y$12$ePTi50DqcrDulxa5GaOnseusuhgGAq9udXQJqhuUOc5isCXysdCiK', 'NCa9LEpDvB', '2024-09-28 02:34:09', '2024-09-28 02:34:09'),
(62, 'Jean Kub', 'dayton.orn@example.com', '2024-09-28 02:34:08', '$2y$12$ePTi50DqcrDulxa5GaOnseusuhgGAq9udXQJqhuUOc5isCXysdCiK', 'ULXfrQVfwI', '2024-09-28 02:34:09', '2024-09-28 02:34:09'),
(63, 'Vance Tromp', 'rnader@example.net', '2024-09-28 02:34:08', '$2y$12$ePTi50DqcrDulxa5GaOnseusuhgGAq9udXQJqhuUOc5isCXysdCiK', 'AQxpNUdEkx', '2024-09-28 02:34:09', '2024-09-28 02:34:09'),
(64, 'Dr. Odell Champlin PhD', 'annamarie67@example.org', '2024-09-28 02:34:08', '$2y$12$ePTi50DqcrDulxa5GaOnseusuhgGAq9udXQJqhuUOc5isCXysdCiK', 'Zcnf1gkgfU', '2024-09-28 02:34:09', '2024-09-28 02:34:09'),
(65, 'Daryl Legros', 'mschneider@example.com', '2024-09-28 02:34:08', '$2y$12$ePTi50DqcrDulxa5GaOnseusuhgGAq9udXQJqhuUOc5isCXysdCiK', 'd1UMXD2TvP', '2024-09-28 02:34:09', '2024-09-28 02:34:09'),
(66, 'Mia Breitenberg', 'miles.jakubowski@example.com', '2024-09-28 02:34:08', '$2y$12$ePTi50DqcrDulxa5GaOnseusuhgGAq9udXQJqhuUOc5isCXysdCiK', 'kTHguYcUT3', '2024-09-28 02:34:09', '2024-09-28 02:34:09'),
(67, 'Dawson Nienow I', 'moriah.kuhlman@example.org', '2024-09-28 02:34:08', '$2y$12$ePTi50DqcrDulxa5GaOnseusuhgGAq9udXQJqhuUOc5isCXysdCiK', 'q4glrImqNM', '2024-09-28 02:34:09', '2024-09-28 02:34:09'),
(68, 'Shane Waelchi', 'alayna.toy@example.com', '2024-09-28 02:34:08', '$2y$12$ePTi50DqcrDulxa5GaOnseusuhgGAq9udXQJqhuUOc5isCXysdCiK', 'V22MKzFtOH', '2024-09-28 02:34:09', '2024-09-28 02:34:09'),
(69, 'Mr. Angelo Donnelly Sr.', 'kenyatta.pouros@example.net', '2024-09-28 02:34:08', '$2y$12$ePTi50DqcrDulxa5GaOnseusuhgGAq9udXQJqhuUOc5isCXysdCiK', 'RS3FU73Xd0', '2024-09-28 02:34:09', '2024-09-28 02:34:09'),
(70, 'Tanner Batz DVM', 'fgutkowski@example.net', '2024-09-28 02:34:08', '$2y$12$ePTi50DqcrDulxa5GaOnseusuhgGAq9udXQJqhuUOc5isCXysdCiK', 'mR5WeFAPvk', '2024-09-28 02:34:09', '2024-09-28 02:34:09'),
(71, 'Larissa Stoltenberg', 'qbechtelar@example.com', '2024-09-28 02:34:08', '$2y$12$ePTi50DqcrDulxa5GaOnseusuhgGAq9udXQJqhuUOc5isCXysdCiK', '1Kcx5A9UhD', '2024-09-28 02:34:09', '2024-09-28 02:34:09'),
(72, 'Werner Rohan', 'katlyn60@example.org', '2024-09-28 02:34:08', '$2y$12$ePTi50DqcrDulxa5GaOnseusuhgGAq9udXQJqhuUOc5isCXysdCiK', 'PWvCkPQpqE', '2024-09-28 02:34:09', '2024-09-28 02:34:09'),
(73, 'Dr. Alexanne McKenzie', 'lonie59@example.org', '2024-09-28 02:34:08', '$2y$12$ePTi50DqcrDulxa5GaOnseusuhgGAq9udXQJqhuUOc5isCXysdCiK', '1quSnottW0', '2024-09-28 02:34:09', '2024-09-28 02:34:09'),
(74, 'Ewell Ritchie', 'uratke@example.com', '2024-09-28 02:34:08', '$2y$12$ePTi50DqcrDulxa5GaOnseusuhgGAq9udXQJqhuUOc5isCXysdCiK', 'MVyuXXf9IS', '2024-09-28 02:34:09', '2024-09-28 02:34:09'),
(75, 'Lori Roberts', 'yesenia89@example.net', '2024-09-28 02:34:08', '$2y$12$ePTi50DqcrDulxa5GaOnseusuhgGAq9udXQJqhuUOc5isCXysdCiK', '4lsPPpviOf', '2024-09-28 02:34:09', '2024-09-28 02:34:09'),
(76, 'Theresia Hayes', 'sigurd96@example.org', '2024-09-28 02:34:08', '$2y$12$ePTi50DqcrDulxa5GaOnseusuhgGAq9udXQJqhuUOc5isCXysdCiK', '9mtw8XctnY', '2024-09-28 02:34:09', '2024-09-28 02:34:09'),
(77, 'Raina Klein', 'pwitting@example.net', '2024-09-28 02:34:08', '$2y$12$ePTi50DqcrDulxa5GaOnseusuhgGAq9udXQJqhuUOc5isCXysdCiK', 'uGDgv3I87n', '2024-09-28 02:34:09', '2024-09-28 02:34:09'),
(78, 'Hosea Beahan', 'jeichmann@example.net', '2024-09-28 02:34:08', '$2y$12$ePTi50DqcrDulxa5GaOnseusuhgGAq9udXQJqhuUOc5isCXysdCiK', 'F4hxlKbIHw', '2024-09-28 02:34:09', '2024-09-28 02:34:09'),
(79, 'Ransom Johnston', 'johanna.predovic@example.org', '2024-09-28 02:34:08', '$2y$12$ePTi50DqcrDulxa5GaOnseusuhgGAq9udXQJqhuUOc5isCXysdCiK', '35c7BrtfoL', '2024-09-28 02:34:09', '2024-09-28 02:34:09'),
(80, 'Eliseo Gibson Sr.', 'judah70@example.org', '2024-09-28 02:34:08', '$2y$12$ePTi50DqcrDulxa5GaOnseusuhgGAq9udXQJqhuUOc5isCXysdCiK', 'rhLmpkR5kK', '2024-09-28 02:34:09', '2024-09-28 02:34:09'),
(81, 'Keira Simonis', 'natasha.wolf@example.com', '2024-09-28 02:34:08', '$2y$12$ePTi50DqcrDulxa5GaOnseusuhgGAq9udXQJqhuUOc5isCXysdCiK', 'pvjyk9AVqd', '2024-09-28 02:34:09', '2024-09-28 02:34:09'),
(82, 'Nathan Frami', 'retta53@example.org', '2024-09-28 02:34:08', '$2y$12$ePTi50DqcrDulxa5GaOnseusuhgGAq9udXQJqhuUOc5isCXysdCiK', 'lfd64klcqd', '2024-09-28 02:34:09', '2024-09-28 02:34:09'),
(83, 'Royal Becker', 'schmitt.wallace@example.com', '2024-09-28 02:34:08', '$2y$12$ePTi50DqcrDulxa5GaOnseusuhgGAq9udXQJqhuUOc5isCXysdCiK', 'qtrF9rmtdO', '2024-09-28 02:34:09', '2024-09-28 02:34:09'),
(84, 'Rudy Considine', 'berniece.blick@example.net', '2024-09-28 02:34:08', '$2y$12$ePTi50DqcrDulxa5GaOnseusuhgGAq9udXQJqhuUOc5isCXysdCiK', 'TlLp39towc', '2024-09-28 02:34:09', '2024-09-28 02:34:09'),
(85, 'Annabel Nolan DDS', 'nvonrueden@example.com', '2024-09-28 02:34:08', '$2y$12$ePTi50DqcrDulxa5GaOnseusuhgGAq9udXQJqhuUOc5isCXysdCiK', 'JfqCRYci9a', '2024-09-28 02:34:09', '2024-09-28 02:34:09'),
(86, 'Liana Durgan', 'akuhn@example.org', '2024-09-28 02:34:08', '$2y$12$ePTi50DqcrDulxa5GaOnseusuhgGAq9udXQJqhuUOc5isCXysdCiK', 'yYqHlZdPRP', '2024-09-28 02:34:09', '2024-09-28 02:34:09'),
(87, 'Elvera Zboncak MD', 'murphy06@example.net', '2024-09-28 02:34:08', '$2y$12$ePTi50DqcrDulxa5GaOnseusuhgGAq9udXQJqhuUOc5isCXysdCiK', 'VD8oDnT3LJ', '2024-09-28 02:34:09', '2024-09-28 02:34:09'),
(88, 'Prof. Brady Hudson DVM', 'eugenia32@example.com', '2024-09-28 02:34:08', '$2y$12$ePTi50DqcrDulxa5GaOnseusuhgGAq9udXQJqhuUOc5isCXysdCiK', 'n2D75Tgkx1', '2024-09-28 02:34:09', '2024-09-28 02:34:09'),
(89, 'Mrs. Maya Brown', 'pbradtke@example.com', '2024-09-28 02:34:08', '$2y$12$ePTi50DqcrDulxa5GaOnseusuhgGAq9udXQJqhuUOc5isCXysdCiK', 'rqnugv1e1u', '2024-09-28 02:34:09', '2024-09-28 02:34:09'),
(90, 'Michael Kuhn', 'suzanne89@example.org', '2024-09-28 02:34:08', '$2y$12$ePTi50DqcrDulxa5GaOnseusuhgGAq9udXQJqhuUOc5isCXysdCiK', 'mMljthX2xp', '2024-09-28 02:34:09', '2024-09-28 02:34:09'),
(91, 'Wayne Rolfson', 'qbeahan@example.com', '2024-09-28 02:34:08', '$2y$12$ePTi50DqcrDulxa5GaOnseusuhgGAq9udXQJqhuUOc5isCXysdCiK', 'nkQdszhAcj', '2024-09-28 02:34:09', '2024-09-28 02:34:09'),
(92, 'Prof. Esperanza Schultz I', 'alehner@example.net', '2024-09-28 02:34:08', '$2y$12$ePTi50DqcrDulxa5GaOnseusuhgGAq9udXQJqhuUOc5isCXysdCiK', 'oHhu4S915E', '2024-09-28 02:34:09', '2024-09-28 02:34:09'),
(93, 'Saul Jerde', 'sconroy@example.com', '2024-09-28 02:34:08', '$2y$12$ePTi50DqcrDulxa5GaOnseusuhgGAq9udXQJqhuUOc5isCXysdCiK', 'RriJBJzgje', '2024-09-28 02:34:09', '2024-09-28 02:34:09'),
(94, 'Dexter Beahan', 'lilly11@example.net', '2024-09-28 02:34:08', '$2y$12$ePTi50DqcrDulxa5GaOnseusuhgGAq9udXQJqhuUOc5isCXysdCiK', 'JTeYlVxbsS', '2024-09-28 02:34:09', '2024-09-28 02:34:09'),
(95, 'Miss Velma Ruecker', 'tre.doyle@example.org', '2024-09-28 02:34:08', '$2y$12$ePTi50DqcrDulxa5GaOnseusuhgGAq9udXQJqhuUOc5isCXysdCiK', 'sKZZPAz6v2', '2024-09-28 02:34:09', '2024-09-28 02:34:09'),
(96, 'Leonardo Ondricka', 'howell.letitia@example.net', '2024-09-28 02:34:08', '$2y$12$ePTi50DqcrDulxa5GaOnseusuhgGAq9udXQJqhuUOc5isCXysdCiK', '10wHlR0ttn', '2024-09-28 02:34:09', '2024-09-28 02:34:09'),
(97, 'Roderick Baumbach IV', 'daugherty.wava@example.net', '2024-09-28 02:34:08', '$2y$12$ePTi50DqcrDulxa5GaOnseusuhgGAq9udXQJqhuUOc5isCXysdCiK', 'lEdSNTgPfR', '2024-09-28 02:34:09', '2024-09-28 02:34:09'),
(98, 'Tiffany Borer', 'marisa76@example.net', '2024-09-28 02:34:08', '$2y$12$ePTi50DqcrDulxa5GaOnseusuhgGAq9udXQJqhuUOc5isCXysdCiK', 'ey4Ym5Q3GA', '2024-09-28 02:34:09', '2024-09-28 02:34:09'),
(99, 'Ayden Mayer', 'jeffry.gutkowski@example.com', '2024-09-28 02:34:08', '$2y$12$ePTi50DqcrDulxa5GaOnseusuhgGAq9udXQJqhuUOc5isCXysdCiK', 'd19od3sVor', '2024-09-28 02:34:09', '2024-09-28 02:34:09'),
(100, 'Clifton Douglas', 'agustin66@example.net', '2024-09-28 02:34:08', '$2y$12$ePTi50DqcrDulxa5GaOnseusuhgGAq9udXQJqhuUOc5isCXysdCiK', 'NxMz0h53Jd', '2024-09-28 02:34:09', '2024-09-28 02:34:09'),
(101, 'Rosalinda Bauch', 'golda47@example.net', '2024-09-28 02:34:08', '$2y$12$ePTi50DqcrDulxa5GaOnseusuhgGAq9udXQJqhuUOc5isCXysdCiK', '2qsBsP5ofV', '2024-09-28 02:34:09', '2024-09-28 02:34:09'),
(102, 'Mrs. Earnestine Boehm', 'yparker@example.com', '2024-09-28 02:34:08', '$2y$12$ePTi50DqcrDulxa5GaOnseusuhgGAq9udXQJqhuUOc5isCXysdCiK', 'mx7VSGULNg', '2024-09-28 02:34:09', '2024-09-28 02:34:09'),
(103, 'Arlene Dooley', 'lindsey06@example.org', '2024-09-28 02:34:08', '$2y$12$ePTi50DqcrDulxa5GaOnseusuhgGAq9udXQJqhuUOc5isCXysdCiK', 'bQW3vDiBBV', '2024-09-28 02:34:09', '2024-09-28 02:34:09'),
(104, 'Davonte Champlin', 'alysha.leuschke@example.com', '2024-09-28 02:34:08', '$2y$12$ePTi50DqcrDulxa5GaOnseusuhgGAq9udXQJqhuUOc5isCXysdCiK', '6NMQLbTG0Y', '2024-09-28 02:34:09', '2024-09-28 02:34:09'),
(105, 'Anya Okuneva', 'vsmitham@example.net', '2024-09-28 02:34:08', '$2y$12$ePTi50DqcrDulxa5GaOnseusuhgGAq9udXQJqhuUOc5isCXysdCiK', 'vLTv3Uv2wV', '2024-09-28 02:34:09', '2024-09-28 02:34:09'),
(106, 'Elfrieda Bahringer', 'gleason.carlos@example.org', '2024-09-28 02:34:08', '$2y$12$ePTi50DqcrDulxa5GaOnseusuhgGAq9udXQJqhuUOc5isCXysdCiK', 'HhQm4lyYOM', '2024-09-28 02:34:09', '2024-09-28 02:34:09'),
(107, 'Jalyn Abshire', 'tavares.kilback@example.org', '2024-09-28 02:34:08', '$2y$12$ePTi50DqcrDulxa5GaOnseusuhgGAq9udXQJqhuUOc5isCXysdCiK', 'U8rSoEfic7', '2024-09-28 02:34:09', '2024-09-28 02:34:09'),
(108, 'Petra Williamson', 'qjast@example.org', '2024-09-28 02:34:08', '$2y$12$ePTi50DqcrDulxa5GaOnseusuhgGAq9udXQJqhuUOc5isCXysdCiK', 'H95cFJFMqq', '2024-09-28 02:34:09', '2024-09-28 02:34:09'),
(109, 'Caden Effertz', 'metz.ernest@example.org', '2024-09-28 02:34:08', '$2y$12$ePTi50DqcrDulxa5GaOnseusuhgGAq9udXQJqhuUOc5isCXysdCiK', 'isLXimQt8Y', '2024-09-28 02:34:09', '2024-09-28 02:34:09'),
(110, 'Lisandro Marks', 'casper.lavonne@example.com', '2024-09-28 02:34:08', '$2y$12$ePTi50DqcrDulxa5GaOnseusuhgGAq9udXQJqhuUOc5isCXysdCiK', '1G48qi6nLh', '2024-09-28 02:34:09', '2024-09-28 02:34:09'),
(111, 'Ms. Syble Kautzer', 'byundt@example.com', '2024-09-28 02:34:08', '$2y$12$ePTi50DqcrDulxa5GaOnseusuhgGAq9udXQJqhuUOc5isCXysdCiK', 'fv3yJNKmye', '2024-09-28 02:34:09', '2024-09-28 02:34:09'),
(112, 'Amani Purdy', 'estark@example.net', '2024-09-28 02:34:08', '$2y$12$ePTi50DqcrDulxa5GaOnseusuhgGAq9udXQJqhuUOc5isCXysdCiK', '7orpkaMmhw', '2024-09-28 02:34:09', '2024-09-28 02:34:09'),
(113, 'Ludie Shanahan', 'franco.price@example.net', '2024-09-28 02:34:08', '$2y$12$ePTi50DqcrDulxa5GaOnseusuhgGAq9udXQJqhuUOc5isCXysdCiK', 'IxnEqHFgcm', '2024-09-28 02:34:09', '2024-09-28 02:34:09'),
(114, 'Mr. Kyler Kassulke PhD', 'lou66@example.com', '2024-09-28 02:34:08', '$2y$12$ePTi50DqcrDulxa5GaOnseusuhgGAq9udXQJqhuUOc5isCXysdCiK', '5CsPnQgyyb', '2024-09-28 02:34:09', '2024-09-28 02:34:09'),
(115, 'Geovanny Abbott', 'ernser.cristina@example.org', '2024-09-28 02:34:08', '$2y$12$ePTi50DqcrDulxa5GaOnseusuhgGAq9udXQJqhuUOc5isCXysdCiK', 'lZ25uxxZdM', '2024-09-28 02:34:09', '2024-09-28 02:34:09'),
(116, 'Asha Rau', 'jkonopelski@example.org', '2024-09-28 02:34:08', '$2y$12$ePTi50DqcrDulxa5GaOnseusuhgGAq9udXQJqhuUOc5isCXysdCiK', 'bMjetlCO80', '2024-09-28 02:34:09', '2024-09-28 02:34:09'),
(117, 'Eloisa Hoeger', 'markus87@example.org', '2024-09-28 02:34:08', '$2y$12$ePTi50DqcrDulxa5GaOnseusuhgGAq9udXQJqhuUOc5isCXysdCiK', 'R75oGmwyEz', '2024-09-28 02:34:09', '2024-09-28 02:34:09'),
(118, 'Candida Walsh PhD', 'einar.balistreri@example.net', '2024-09-28 02:34:08', '$2y$12$ePTi50DqcrDulxa5GaOnseusuhgGAq9udXQJqhuUOc5isCXysdCiK', 'aYAo8kHlJE', '2024-09-28 02:34:09', '2024-09-28 02:34:09'),
(119, 'Dr. Julia Ruecker', 'hermann.gunner@example.net', '2024-09-28 02:34:08', '$2y$12$ePTi50DqcrDulxa5GaOnseusuhgGAq9udXQJqhuUOc5isCXysdCiK', 'H2aEKM910c', '2024-09-28 02:34:09', '2024-09-28 02:34:09'),
(120, 'Dr. Ardella Hills', 'nikolaus.delbert@example.com', '2024-09-28 02:34:08', '$2y$12$ePTi50DqcrDulxa5GaOnseusuhgGAq9udXQJqhuUOc5isCXysdCiK', 'fTwRMqNoJV', '2024-09-28 02:34:09', '2024-09-28 02:34:09'),
(121, 'Edd Baumbach I', 'dgottlieb@example.com', '2024-09-28 02:34:08', '$2y$12$ePTi50DqcrDulxa5GaOnseusuhgGAq9udXQJqhuUOc5isCXysdCiK', 'vIYCDIK6Xk', '2024-09-28 02:34:09', '2024-09-28 02:34:09'),
(122, 'Garrick Ullrich', 'era62@example.net', '2024-09-28 02:34:08', '$2y$12$ePTi50DqcrDulxa5GaOnseusuhgGAq9udXQJqhuUOc5isCXysdCiK', 'Veq3OnLd7x', '2024-09-28 02:34:09', '2024-09-28 02:34:09'),
(123, 'Prof. Noemi Waelchi', 'henderson.gleichner@example.org', '2024-09-28 02:34:08', '$2y$12$ePTi50DqcrDulxa5GaOnseusuhgGAq9udXQJqhuUOc5isCXysdCiK', 'mqEK6zbMvE', '2024-09-28 02:34:09', '2024-09-28 02:34:09'),
(124, 'Prof. Ollie Block Sr.', 'qbrekke@example.com', '2024-09-28 02:34:08', '$2y$12$ePTi50DqcrDulxa5GaOnseusuhgGAq9udXQJqhuUOc5isCXysdCiK', 'WDtjjAjU68', '2024-09-28 02:34:09', '2024-09-28 02:34:09'),
(125, 'Charles Murray V', 'adelle93@example.org', '2024-09-28 02:34:08', '$2y$12$ePTi50DqcrDulxa5GaOnseusuhgGAq9udXQJqhuUOc5isCXysdCiK', 'v6rfRYc5uo', '2024-09-28 02:34:09', '2024-09-28 02:34:09'),
(126, 'Alison Mann', 'eliane00@example.com', '2024-09-28 02:34:08', '$2y$12$ePTi50DqcrDulxa5GaOnseusuhgGAq9udXQJqhuUOc5isCXysdCiK', 'XNzzcz8XoX', '2024-09-28 02:34:09', '2024-09-28 02:34:09'),
(127, 'Mrs. Cordia Dibbert II', 'rwuckert@example.com', '2024-09-28 02:34:08', '$2y$12$ePTi50DqcrDulxa5GaOnseusuhgGAq9udXQJqhuUOc5isCXysdCiK', 'DWVWYqGJ7o', '2024-09-28 02:34:09', '2024-09-28 02:34:09'),
(128, 'Durward Cormier', 'willis87@example.org', '2024-09-28 02:34:08', '$2y$12$ePTi50DqcrDulxa5GaOnseusuhgGAq9udXQJqhuUOc5isCXysdCiK', 'BQHAcR9y6q', '2024-09-28 02:34:09', '2024-09-28 02:34:09'),
(129, 'Prof. Cleo Kilback Sr.', 'mayert.graciela@example.com', '2024-09-28 02:34:08', '$2y$12$ePTi50DqcrDulxa5GaOnseusuhgGAq9udXQJqhuUOc5isCXysdCiK', 'Xh8YkGNOos', '2024-09-28 02:34:09', '2024-09-28 02:34:09'),
(130, 'Rosario Herzog', 'wilma.schuster@example.net', '2024-09-28 02:34:08', '$2y$12$ePTi50DqcrDulxa5GaOnseusuhgGAq9udXQJqhuUOc5isCXysdCiK', '1tIFqFLnxR', '2024-09-28 02:34:09', '2024-09-28 02:34:09'),
(131, 'Dr. Tyrique Bauch III', 'zackery.lindgren@example.org', '2024-09-28 02:34:08', '$2y$12$ePTi50DqcrDulxa5GaOnseusuhgGAq9udXQJqhuUOc5isCXysdCiK', 'H8bVJrRDGL', '2024-09-28 02:34:09', '2024-09-28 02:34:09'),
(132, 'Candace Johns', 'maud.grant@example.net', '2024-09-28 02:34:08', '$2y$12$ePTi50DqcrDulxa5GaOnseusuhgGAq9udXQJqhuUOc5isCXysdCiK', 'Krqc8uolMB', '2024-09-28 02:34:09', '2024-09-28 02:34:09'),
(133, 'Mr. Maximilian Kirlin MD', 'edgar.carroll@example.com', '2024-09-28 02:34:08', '$2y$12$ePTi50DqcrDulxa5GaOnseusuhgGAq9udXQJqhuUOc5isCXysdCiK', 'rErIqjBKVN', '2024-09-28 02:34:09', '2024-09-28 02:34:09'),
(134, 'Marguerite Nader', 'swelch@example.net', '2024-09-28 02:34:08', '$2y$12$ePTi50DqcrDulxa5GaOnseusuhgGAq9udXQJqhuUOc5isCXysdCiK', 'suVsqcrb8h', '2024-09-28 02:34:09', '2024-09-28 02:34:09'),
(135, 'Miss Heaven Kovacek', 'jermaine.predovic@example.com', '2024-09-28 02:34:08', '$2y$12$ePTi50DqcrDulxa5GaOnseusuhgGAq9udXQJqhuUOc5isCXysdCiK', 'iHi8JjiBPq', '2024-09-28 02:34:09', '2024-09-28 02:34:09'),
(136, 'Joseph Ledner', 'fritz60@example.com', '2024-09-28 02:34:08', '$2y$12$ePTi50DqcrDulxa5GaOnseusuhgGAq9udXQJqhuUOc5isCXysdCiK', 'K6a9yDMev6', '2024-09-28 02:34:09', '2024-09-28 02:34:09'),
(137, 'Dr. Carter Carter', 'yolanda46@example.org', '2024-09-28 02:34:08', '$2y$12$ePTi50DqcrDulxa5GaOnseusuhgGAq9udXQJqhuUOc5isCXysdCiK', 'mq8cOGvpSy', '2024-09-28 02:34:09', '2024-09-28 02:34:09'),
(138, 'Everette Jast', 'keshaun55@example.org', '2024-09-28 02:34:08', '$2y$12$ePTi50DqcrDulxa5GaOnseusuhgGAq9udXQJqhuUOc5isCXysdCiK', 'Vml3G3BX4i', '2024-09-28 02:34:09', '2024-09-28 02:34:09'),
(139, 'Prof. Kellen Konopelski', 'isadore20@example.org', '2024-09-28 02:34:08', '$2y$12$ePTi50DqcrDulxa5GaOnseusuhgGAq9udXQJqhuUOc5isCXysdCiK', 'zCwBlCYkBF', '2024-09-28 02:34:09', '2024-09-28 02:34:09'),
(140, 'Angie Stokes', 'milford35@example.org', '2024-09-28 02:34:08', '$2y$12$ePTi50DqcrDulxa5GaOnseusuhgGAq9udXQJqhuUOc5isCXysdCiK', 'OAq28JNypx', '2024-09-28 02:34:09', '2024-09-28 02:34:09'),
(141, 'Delta Anderson', 'tlowe@example.org', '2024-09-28 02:34:08', '$2y$12$ePTi50DqcrDulxa5GaOnseusuhgGAq9udXQJqhuUOc5isCXysdCiK', '90bVZDphWK', '2024-09-28 02:34:09', '2024-09-28 02:34:09'),
(142, 'Zachariah Heaney', 'jennifer.greenfelder@example.org', '2024-09-28 02:34:08', '$2y$12$ePTi50DqcrDulxa5GaOnseusuhgGAq9udXQJqhuUOc5isCXysdCiK', 'eM6TgzRPeO', '2024-09-28 02:34:09', '2024-09-28 02:34:09'),
(143, 'Emile Littel', 'skoelpin@example.net', '2024-09-28 02:34:08', '$2y$12$ePTi50DqcrDulxa5GaOnseusuhgGAq9udXQJqhuUOc5isCXysdCiK', 'ahT43fnR5E', '2024-09-28 02:34:09', '2024-09-28 02:34:09'),
(144, 'Hope Kozey', 'ankunding.meaghan@example.org', '2024-09-28 02:34:08', '$2y$12$ePTi50DqcrDulxa5GaOnseusuhgGAq9udXQJqhuUOc5isCXysdCiK', 'TdcxzlA3cl', '2024-09-28 02:34:09', '2024-09-28 02:34:09'),
(145, 'Cyril Hansen', 'brionna.crooks@example.com', '2024-09-28 02:34:08', '$2y$12$ePTi50DqcrDulxa5GaOnseusuhgGAq9udXQJqhuUOc5isCXysdCiK', 'U3J3tzAFpw', '2024-09-28 02:34:09', '2024-09-28 02:34:09'),
(146, 'Prof. Sandy Kub PhD', 'schmitt.edwardo@example.org', '2024-09-28 02:34:08', '$2y$12$ePTi50DqcrDulxa5GaOnseusuhgGAq9udXQJqhuUOc5isCXysdCiK', 'MbrQyzS8jc', '2024-09-28 02:34:09', '2024-09-28 02:34:09'),
(147, 'Miss Tania Waters MD', 'everardo90@example.net', '2024-09-28 02:34:08', '$2y$12$ePTi50DqcrDulxa5GaOnseusuhgGAq9udXQJqhuUOc5isCXysdCiK', 'y9nauCtSbQ', '2024-09-28 02:34:09', '2024-09-28 02:34:09'),
(148, 'Kiara Larkin', 'hamill.alexandria@example.com', '2024-09-28 02:34:08', '$2y$12$ePTi50DqcrDulxa5GaOnseusuhgGAq9udXQJqhuUOc5isCXysdCiK', 'CMsNY6ukAb', '2024-09-28 02:34:09', '2024-09-28 02:34:09'),
(149, 'Christa Daniel', 'cruz.douglas@example.net', '2024-09-28 02:34:08', '$2y$12$ePTi50DqcrDulxa5GaOnseusuhgGAq9udXQJqhuUOc5isCXysdCiK', 'vIyTne9GGI', '2024-09-28 02:34:09', '2024-09-28 02:34:09'),
(150, 'Margarete Streich', 'deven59@example.net', '2024-09-28 02:34:08', '$2y$12$ePTi50DqcrDulxa5GaOnseusuhgGAq9udXQJqhuUOc5isCXysdCiK', 'n9oOQYLNQp', '2024-09-28 02:34:09', '2024-09-28 02:34:09'),
(151, 'Roel Gibson', 'christiansen.santina@example.org', '2024-09-28 02:34:08', '$2y$12$ePTi50DqcrDulxa5GaOnseusuhgGAq9udXQJqhuUOc5isCXysdCiK', 'F4dhkoUfOG', '2024-09-28 02:34:09', '2024-09-28 02:34:09'),
(152, 'Jade Parisian', 'dariana45@example.net', '2024-09-28 02:34:08', '$2y$12$ePTi50DqcrDulxa5GaOnseusuhgGAq9udXQJqhuUOc5isCXysdCiK', 'h0QGB74LdW', '2024-09-28 02:34:09', '2024-09-28 02:34:09'),
(153, 'Prof. Whitney Kerluke', 'xrau@example.com', '2024-09-28 02:34:08', '$2y$12$ePTi50DqcrDulxa5GaOnseusuhgGAq9udXQJqhuUOc5isCXysdCiK', 'XKFlFc1IRK', '2024-09-28 02:34:09', '2024-09-28 02:34:09'),
(154, 'Caleigh Grant', 'zkuphal@example.com', '2024-09-28 02:34:08', '$2y$12$ePTi50DqcrDulxa5GaOnseusuhgGAq9udXQJqhuUOc5isCXysdCiK', 'GLPRzFGUAr', '2024-09-28 02:34:09', '2024-09-28 02:34:09'),
(155, 'Miss Raphaelle Schowalter I', 'hmann@example.org', '2024-09-28 02:34:08', '$2y$12$ePTi50DqcrDulxa5GaOnseusuhgGAq9udXQJqhuUOc5isCXysdCiK', '3QdYotc83L', '2024-09-28 02:34:09', '2024-09-28 02:34:09'),
(156, 'Mrs. Evie Simonis IV', 'cbogan@example.org', '2024-09-28 02:34:08', '$2y$12$ePTi50DqcrDulxa5GaOnseusuhgGAq9udXQJqhuUOc5isCXysdCiK', 'kcdCPhbLOX', '2024-09-28 02:34:09', '2024-09-28 02:34:09'),
(157, 'Allison Quigley MD', 'corrine.bradtke@example.com', '2024-09-28 02:34:08', '$2y$12$ePTi50DqcrDulxa5GaOnseusuhgGAq9udXQJqhuUOc5isCXysdCiK', 'mhCXwvYU3G', '2024-09-28 02:34:09', '2024-09-28 02:34:09'),
(158, 'Idella Cummerata', 'tgrant@example.net', '2024-09-28 02:34:08', '$2y$12$ePTi50DqcrDulxa5GaOnseusuhgGAq9udXQJqhuUOc5isCXysdCiK', '8UtWFMWqTA', '2024-09-28 02:34:09', '2024-09-28 02:34:09'),
(159, 'Ebony Heidenreich', 'janessa.greenfelder@example.net', '2024-09-28 02:34:08', '$2y$12$ePTi50DqcrDulxa5GaOnseusuhgGAq9udXQJqhuUOc5isCXysdCiK', 'Y55zSzJ5Ip', '2024-09-28 02:34:09', '2024-09-28 02:34:09'),
(160, 'Constantin Hudson', 'chloe63@example.com', '2024-09-28 02:34:08', '$2y$12$ePTi50DqcrDulxa5GaOnseusuhgGAq9udXQJqhuUOc5isCXysdCiK', 'z1ILWi8o6F', '2024-09-28 02:34:09', '2024-09-28 02:34:09'),
(161, 'Mrs. Zella Miller', 'silas59@example.org', '2024-09-28 02:34:08', '$2y$12$ePTi50DqcrDulxa5GaOnseusuhgGAq9udXQJqhuUOc5isCXysdCiK', 'zvZeR0GdeS', '2024-09-28 02:34:09', '2024-09-28 02:34:09'),
(162, 'Prof. Vivienne Sawayn', 'lavonne.bogisich@example.com', '2024-09-28 02:34:08', '$2y$12$ePTi50DqcrDulxa5GaOnseusuhgGAq9udXQJqhuUOc5isCXysdCiK', 'h80V1G3xvV', '2024-09-28 02:34:09', '2024-09-28 02:34:09'),
(163, 'Calista Miller', 'mitchell.joesph@example.org', '2024-09-28 02:34:08', '$2y$12$ePTi50DqcrDulxa5GaOnseusuhgGAq9udXQJqhuUOc5isCXysdCiK', 'gsIklKl2P0', '2024-09-28 02:34:09', '2024-09-28 02:34:09'),
(164, 'Mrs. Mariah Dietrich MD', 'rowe.estel@example.com', '2024-09-28 02:34:08', '$2y$12$ePTi50DqcrDulxa5GaOnseusuhgGAq9udXQJqhuUOc5isCXysdCiK', 'ThR2AGaqst', '2024-09-28 02:34:09', '2024-09-28 02:34:09'),
(165, 'Julien Veum II', 'granville49@example.com', '2024-09-28 02:34:08', '$2y$12$ePTi50DqcrDulxa5GaOnseusuhgGAq9udXQJqhuUOc5isCXysdCiK', 'pgWm75wB33', '2024-09-28 02:34:09', '2024-09-28 02:34:09'),
(166, 'Josefa Howell III', 'dee29@example.com', '2024-09-28 02:34:08', '$2y$12$ePTi50DqcrDulxa5GaOnseusuhgGAq9udXQJqhuUOc5isCXysdCiK', 'n4cJKUYqpU', '2024-09-28 02:34:09', '2024-09-28 02:34:09'),
(167, 'Mrs. Retha Goodwin', 'lhowe@example.com', '2024-09-28 02:34:08', '$2y$12$ePTi50DqcrDulxa5GaOnseusuhgGAq9udXQJqhuUOc5isCXysdCiK', 'SCKbWLP93H', '2024-09-28 02:34:09', '2024-09-28 02:34:09'),
(168, 'Christian Oberbrunner Jr.', 'kohler.charley@example.com', '2024-09-28 02:34:08', '$2y$12$ePTi50DqcrDulxa5GaOnseusuhgGAq9udXQJqhuUOc5isCXysdCiK', '4VpWgb9SWg', '2024-09-28 02:34:09', '2024-09-28 02:34:09'),
(169, 'Alexandria McClure IV', 'kyra.west@example.com', '2024-09-28 02:34:08', '$2y$12$ePTi50DqcrDulxa5GaOnseusuhgGAq9udXQJqhuUOc5isCXysdCiK', 'GiG1Cl2WBJ', '2024-09-28 02:34:09', '2024-09-28 02:34:09'),
(170, 'Miss Mossie Nitzsche MD', 'noe.jacobs@example.com', '2024-09-28 02:34:08', '$2y$12$ePTi50DqcrDulxa5GaOnseusuhgGAq9udXQJqhuUOc5isCXysdCiK', 'SDRo1YEn9k', '2024-09-28 02:34:09', '2024-09-28 02:34:09'),
(171, 'Brown McDermott III', 'jeffrey04@example.com', '2024-09-28 02:34:08', '$2y$12$ePTi50DqcrDulxa5GaOnseusuhgGAq9udXQJqhuUOc5isCXysdCiK', '4wmX7zbov7', '2024-09-28 02:34:09', '2024-09-28 02:34:09'),
(172, 'Prof. Laverne Herman', 'hfranecki@example.org', '2024-09-28 02:34:08', '$2y$12$ePTi50DqcrDulxa5GaOnseusuhgGAq9udXQJqhuUOc5isCXysdCiK', 'FajUIKW6g3', '2024-09-28 02:34:09', '2024-09-28 02:34:09'),
(173, 'Kelsi Hand', 'kunze.felicity@example.net', '2024-09-28 02:34:08', '$2y$12$ePTi50DqcrDulxa5GaOnseusuhgGAq9udXQJqhuUOc5isCXysdCiK', 'HkGmvAMcQE', '2024-09-28 02:34:09', '2024-09-28 02:34:09'),
(174, 'Blanca Grimes', 'rebeca.nicolas@example.com', '2024-09-28 02:34:08', '$2y$12$ePTi50DqcrDulxa5GaOnseusuhgGAq9udXQJqhuUOc5isCXysdCiK', 'fZotKhKRv8', '2024-09-28 02:34:09', '2024-09-28 02:34:09'),
(175, 'Rocio Klein', 'ebert.paolo@example.com', '2024-09-28 02:34:08', '$2y$12$ePTi50DqcrDulxa5GaOnseusuhgGAq9udXQJqhuUOc5isCXysdCiK', '3nYmMpvqPa', '2024-09-28 02:34:09', '2024-09-28 02:34:09'),
(176, 'Tara Pagac', 'hhomenick@example.net', '2024-09-28 02:34:08', '$2y$12$ePTi50DqcrDulxa5GaOnseusuhgGAq9udXQJqhuUOc5isCXysdCiK', 'uZXKGnp4RB', '2024-09-28 02:34:09', '2024-09-28 02:34:09'),
(177, 'Laurie Kuhlman DVM', 'mina.grady@example.net', '2024-09-28 02:34:08', '$2y$12$ePTi50DqcrDulxa5GaOnseusuhgGAq9udXQJqhuUOc5isCXysdCiK', 'dWcih6aoDp', '2024-09-28 02:34:09', '2024-09-28 02:34:09'),
(178, 'Nasir Runolfsdottir', 'ydubuque@example.com', '2024-09-28 02:34:08', '$2y$12$ePTi50DqcrDulxa5GaOnseusuhgGAq9udXQJqhuUOc5isCXysdCiK', 'mTb6V07scK', '2024-09-28 02:34:09', '2024-09-28 02:34:09'),
(179, 'Keyshawn Rodriguez', 'nheidenreich@example.net', '2024-09-28 02:34:08', '$2y$12$ePTi50DqcrDulxa5GaOnseusuhgGAq9udXQJqhuUOc5isCXysdCiK', 'rUSgezbuQf', '2024-09-28 02:34:09', '2024-09-28 02:34:09'),
(180, 'Jazlyn Kertzmann', 'jade80@example.org', '2024-09-28 02:34:08', '$2y$12$ePTi50DqcrDulxa5GaOnseusuhgGAq9udXQJqhuUOc5isCXysdCiK', 'MzkkkaFp5C', '2024-09-28 02:34:09', '2024-09-28 02:34:09'),
(181, 'Carmella Botsford', 'ftoy@example.net', '2024-09-28 02:34:08', '$2y$12$ePTi50DqcrDulxa5GaOnseusuhgGAq9udXQJqhuUOc5isCXysdCiK', 'H1zpGjWW4O', '2024-09-28 02:34:09', '2024-09-28 02:34:09'),
(182, 'Danny Yost II', 'langworth.christine@example.net', '2024-09-28 02:34:08', '$2y$12$ePTi50DqcrDulxa5GaOnseusuhgGAq9udXQJqhuUOc5isCXysdCiK', 'Eaae1y1qSs', '2024-09-28 02:34:09', '2024-09-28 02:34:09'),
(183, 'Mr. Judge Beahan', 'irau@example.org', '2024-09-28 02:34:08', '$2y$12$ePTi50DqcrDulxa5GaOnseusuhgGAq9udXQJqhuUOc5isCXysdCiK', 'OG5HaGKJAx', '2024-09-28 02:34:09', '2024-09-28 02:34:09'),
(184, 'Mrs. Antonina Pfeffer Sr.', 'else.rau@example.org', '2024-09-28 02:34:08', '$2y$12$ePTi50DqcrDulxa5GaOnseusuhgGAq9udXQJqhuUOc5isCXysdCiK', 'MC7WraTunU', '2024-09-28 02:34:09', '2024-09-28 02:34:09'),
(185, 'Dr. Lillian Wuckert II', 'dnicolas@example.net', '2024-09-28 02:34:08', '$2y$12$ePTi50DqcrDulxa5GaOnseusuhgGAq9udXQJqhuUOc5isCXysdCiK', 'Aw4cvCl28p', '2024-09-28 02:34:09', '2024-09-28 02:34:09'),
(186, 'Neha Wisoky', 'raina85@example.org', '2024-09-28 02:34:08', '$2y$12$ePTi50DqcrDulxa5GaOnseusuhgGAq9udXQJqhuUOc5isCXysdCiK', 'cGRSqF7dUZ', '2024-09-28 02:34:09', '2024-09-28 02:34:09'),
(187, 'Tara Ritchie', 'ankunding.ezra@example.org', '2024-09-28 02:34:08', '$2y$12$ePTi50DqcrDulxa5GaOnseusuhgGAq9udXQJqhuUOc5isCXysdCiK', 'lEo24BliRd', '2024-09-28 02:34:09', '2024-09-28 02:34:09'),
(188, 'Ila Gerlach', 'njohns@example.net', '2024-09-28 02:34:08', '$2y$12$ePTi50DqcrDulxa5GaOnseusuhgGAq9udXQJqhuUOc5isCXysdCiK', '6SK6XeJelX', '2024-09-28 02:34:09', '2024-09-28 02:34:09'),
(189, 'Mr. Jean Ernser Sr.', 'nathanael.abshire@example.net', '2024-09-28 02:34:08', '$2y$12$ePTi50DqcrDulxa5GaOnseusuhgGAq9udXQJqhuUOc5isCXysdCiK', 'EdeZYg9ZPQ', '2024-09-28 02:34:09', '2024-09-28 02:34:09'),
(190, 'Prof. Thad Lakin MD', 'gottlieb.adriana@example.com', '2024-09-28 02:34:08', '$2y$12$ePTi50DqcrDulxa5GaOnseusuhgGAq9udXQJqhuUOc5isCXysdCiK', 'fYa4IfsTmv', '2024-09-28 02:34:09', '2024-09-28 02:34:09'),
(191, 'Alvera Hammes', 'iva37@example.com', '2024-09-28 02:34:08', '$2y$12$ePTi50DqcrDulxa5GaOnseusuhgGAq9udXQJqhuUOc5isCXysdCiK', 'b0G4W9PjB4', '2024-09-28 02:34:09', '2024-09-28 02:34:09'),
(192, 'Prof. Christina Boyer III', 'mohr.rhiannon@example.net', '2024-09-28 02:34:08', '$2y$12$ePTi50DqcrDulxa5GaOnseusuhgGAq9udXQJqhuUOc5isCXysdCiK', 'jatu9NkBBN', '2024-09-28 02:34:09', '2024-09-28 02:34:09'),
(193, 'Mrs. Ollie Kessler', 'jean.huels@example.net', '2024-09-28 02:34:08', '$2y$12$ePTi50DqcrDulxa5GaOnseusuhgGAq9udXQJqhuUOc5isCXysdCiK', 'Kje8YBmE6T', '2024-09-28 02:34:09', '2024-09-28 02:34:09'),
(194, 'Vance Frami', 'leanna72@example.com', '2024-09-28 02:34:08', '$2y$12$ePTi50DqcrDulxa5GaOnseusuhgGAq9udXQJqhuUOc5isCXysdCiK', 'vEDqwqwXWd', '2024-09-28 02:34:09', '2024-09-28 02:34:09'),
(195, 'Christina Rosenbaum', 'german.herman@example.com', '2024-09-28 02:34:08', '$2y$12$ePTi50DqcrDulxa5GaOnseusuhgGAq9udXQJqhuUOc5isCXysdCiK', 'mcSNVSZtlj', '2024-09-28 02:34:09', '2024-09-28 02:34:09'),
(196, 'Gretchen Ziemann', 'granville.jacobi@example.com', '2024-09-28 02:34:08', '$2y$12$ePTi50DqcrDulxa5GaOnseusuhgGAq9udXQJqhuUOc5isCXysdCiK', 'RpQ4QFp6tn', '2024-09-28 02:34:09', '2024-09-28 02:34:09'),
(197, 'Mr. Hester Larkin', 'kanderson@example.org', '2024-09-28 02:34:08', '$2y$12$ePTi50DqcrDulxa5GaOnseusuhgGAq9udXQJqhuUOc5isCXysdCiK', '9d0m5UMA2H', '2024-09-28 02:34:09', '2024-09-28 02:34:09'),
(198, 'Kadin Price DDS', 'royal.von@example.org', '2024-09-28 02:34:08', '$2y$12$ePTi50DqcrDulxa5GaOnseusuhgGAq9udXQJqhuUOc5isCXysdCiK', 'CDrAHzR1PV', '2024-09-28 02:34:09', '2024-09-28 02:34:09'),
(199, 'Corene Friesen PhD', 'koch.lizzie@example.net', '2024-09-28 02:34:08', '$2y$12$ePTi50DqcrDulxa5GaOnseusuhgGAq9udXQJqhuUOc5isCXysdCiK', 'a6WiY0SKOL', '2024-09-28 02:34:09', '2024-09-28 02:34:09'),
(200, 'Prof. Raphael Koss', 'chris71@example.org', '2024-09-28 02:34:08', '$2y$12$ePTi50DqcrDulxa5GaOnseusuhgGAq9udXQJqhuUOc5isCXysdCiK', 'qPBByVGu5X', '2024-09-28 02:34:09', '2024-09-28 02:34:09'),
(201, 'Mr. Brannon Hand', 'hessel.keshaun@example.org', '2024-09-28 02:34:08', '$2y$12$ePTi50DqcrDulxa5GaOnseusuhgGAq9udXQJqhuUOc5isCXysdCiK', 'c2xPvgJ6ws', '2024-09-28 02:34:09', '2024-09-28 02:34:09'),
(202, 'Prof. Llewellyn Cartwright', 'durgan.roma@example.com', '2024-09-28 02:34:08', '$2y$12$ePTi50DqcrDulxa5GaOnseusuhgGAq9udXQJqhuUOc5isCXysdCiK', 'Bm2bGKUGCJ', '2024-09-28 02:34:09', '2024-09-28 02:34:09'),
(203, 'Soledad Rosenbaum', 'kitty.weissnat@example.org', '2024-09-28 02:34:08', '$2y$12$ePTi50DqcrDulxa5GaOnseusuhgGAq9udXQJqhuUOc5isCXysdCiK', 'v5fUHLq2mf', '2024-09-28 02:34:09', '2024-09-28 02:34:09'),
(204, 'Giovanny Grady', 'xromaguera@example.com', '2024-09-28 02:34:08', '$2y$12$ePTi50DqcrDulxa5GaOnseusuhgGAq9udXQJqhuUOc5isCXysdCiK', 'TeV2qayxPR', '2024-09-28 02:34:09', '2024-09-28 02:34:09'),
(205, 'Prof. Norberto Balistreri', 'maud65@example.net', '2024-09-28 02:34:08', '$2y$12$ePTi50DqcrDulxa5GaOnseusuhgGAq9udXQJqhuUOc5isCXysdCiK', 'wbPQceQgKr', '2024-09-28 02:34:09', '2024-09-28 02:34:09'),
(206, 'Dr. Joey Homenick Jr.', 'maryam.lueilwitz@example.org', '2024-09-28 02:34:08', '$2y$12$ePTi50DqcrDulxa5GaOnseusuhgGAq9udXQJqhuUOc5isCXysdCiK', 'ayYFLm1xOO', '2024-09-28 02:34:09', '2024-09-28 02:34:09'),
(207, 'Frederic Gutmann', 'madalyn10@example.com', '2024-09-28 02:34:08', '$2y$12$ePTi50DqcrDulxa5GaOnseusuhgGAq9udXQJqhuUOc5isCXysdCiK', 'dPSk1mVGoq', '2024-09-28 02:34:09', '2024-09-28 02:34:09'),
(208, 'Ashly Rohan', 'veronica47@example.net', '2024-09-28 02:34:08', '$2y$12$ePTi50DqcrDulxa5GaOnseusuhgGAq9udXQJqhuUOc5isCXysdCiK', 'woSiJ4BUgN', '2024-09-28 02:34:09', '2024-09-28 02:34:09'),
(209, 'Dr. Mason Pacocha Jr.', 'schoen.paul@example.net', '2024-09-28 02:34:08', '$2y$12$ePTi50DqcrDulxa5GaOnseusuhgGAq9udXQJqhuUOc5isCXysdCiK', 'rSIJbJ7mCB', '2024-09-28 02:34:09', '2024-09-28 02:34:09'),
(210, 'Prof. Zita Murray', 'megane17@example.org', '2024-09-28 02:34:08', '$2y$12$ePTi50DqcrDulxa5GaOnseusuhgGAq9udXQJqhuUOc5isCXysdCiK', 'dZiNQqieFc', '2024-09-28 02:34:09', '2024-09-28 02:34:09'),
(211, 'Alene Paucek DDS', 'jeremy67@example.org', '2024-09-28 02:34:08', '$2y$12$ePTi50DqcrDulxa5GaOnseusuhgGAq9udXQJqhuUOc5isCXysdCiK', 'WSRvaurQYZ', '2024-09-28 02:34:09', '2024-09-28 02:34:09'),
(212, 'Verda Ryan', 'oran.wuckert@example.com', '2024-09-28 02:34:08', '$2y$12$ePTi50DqcrDulxa5GaOnseusuhgGAq9udXQJqhuUOc5isCXysdCiK', 'vGTqC8HcSg', '2024-09-28 02:34:09', '2024-09-28 02:34:09'),
(213, 'Maci Yost', 'dickens.melvina@example.net', '2024-09-28 02:34:08', '$2y$12$ePTi50DqcrDulxa5GaOnseusuhgGAq9udXQJqhuUOc5isCXysdCiK', 'Xm9N5Q2Tds', '2024-09-28 02:34:09', '2024-09-28 02:34:09'),
(214, 'Shannon Schuppe', 'hessel.karley@example.net', '2024-09-28 02:34:08', '$2y$12$ePTi50DqcrDulxa5GaOnseusuhgGAq9udXQJqhuUOc5isCXysdCiK', 's8haWk1PHI', '2024-09-28 02:34:09', '2024-09-28 02:34:09'),
(215, 'Alex Jacobson', 'mayert.colt@example.org', '2024-09-28 02:34:08', '$2y$12$ePTi50DqcrDulxa5GaOnseusuhgGAq9udXQJqhuUOc5isCXysdCiK', 'ejhbkv277z', '2024-09-28 02:34:09', '2024-09-28 02:34:09'),
(216, 'Mr. Karson Johns PhD', 'autumn85@example.com', '2024-09-28 02:34:08', '$2y$12$ePTi50DqcrDulxa5GaOnseusuhgGAq9udXQJqhuUOc5isCXysdCiK', '1emOgHo0vY', '2024-09-28 02:34:09', '2024-09-28 02:34:09'),
(217, 'Mateo Rowe', 'esperanza11@example.net', '2024-09-28 02:34:08', '$2y$12$ePTi50DqcrDulxa5GaOnseusuhgGAq9udXQJqhuUOc5isCXysdCiK', 'mRfU3jpIUd', '2024-09-28 02:34:09', '2024-09-28 02:34:09'),
(218, 'Hulda Bergstrom', 'bessie26@example.com', '2024-09-28 02:34:08', '$2y$12$ePTi50DqcrDulxa5GaOnseusuhgGAq9udXQJqhuUOc5isCXysdCiK', 'P6rOTm5uzh', '2024-09-28 02:34:09', '2024-09-28 02:34:09'),
(219, 'Osborne Schroeder', 'adela89@example.com', '2024-09-28 02:34:08', '$2y$12$ePTi50DqcrDulxa5GaOnseusuhgGAq9udXQJqhuUOc5isCXysdCiK', 'H1u3sjYtAy', '2024-09-28 02:34:09', '2024-09-28 02:34:09'),
(220, 'Prof. Jett McKenzie IV', 'flind@example.com', '2024-09-28 02:34:08', '$2y$12$ePTi50DqcrDulxa5GaOnseusuhgGAq9udXQJqhuUOc5isCXysdCiK', 'osaFrcQYlP', '2024-09-28 02:34:09', '2024-09-28 02:34:09'),
(221, 'Kathleen Lynch', 'lurline.hamill@example.com', '2024-09-28 02:34:08', '$2y$12$ePTi50DqcrDulxa5GaOnseusuhgGAq9udXQJqhuUOc5isCXysdCiK', 'AnMGIxuQf6', '2024-09-28 02:34:09', '2024-09-28 02:34:09'),
(222, 'Laurence Hermiston', 'smitham.wilmer@example.com', '2024-09-28 02:34:08', '$2y$12$ePTi50DqcrDulxa5GaOnseusuhgGAq9udXQJqhuUOc5isCXysdCiK', 'Y0vunmtY4H', '2024-09-28 02:34:09', '2024-09-28 02:34:09'),
(223, 'Mr. Miller Maggio II', 'oryan@example.org', '2024-09-28 02:34:08', '$2y$12$ePTi50DqcrDulxa5GaOnseusuhgGAq9udXQJqhuUOc5isCXysdCiK', 'ZTS10vGRFk', '2024-09-28 02:34:09', '2024-09-28 02:34:09'),
(224, 'Micheal Ullrich', 'lila30@example.com', '2024-09-28 02:34:08', '$2y$12$ePTi50DqcrDulxa5GaOnseusuhgGAq9udXQJqhuUOc5isCXysdCiK', '9A7kgUYznW', '2024-09-28 02:34:09', '2024-09-28 02:34:09'),
(225, 'Walker Blick PhD', 'bskiles@example.net', '2024-09-28 02:34:08', '$2y$12$ePTi50DqcrDulxa5GaOnseusuhgGAq9udXQJqhuUOc5isCXysdCiK', 'nJdqIkZWmx', '2024-09-28 02:34:09', '2024-09-28 02:34:09'),
(226, 'Kellen Heathcote MD', 'lynch.astrid@example.net', '2024-09-28 02:34:08', '$2y$12$ePTi50DqcrDulxa5GaOnseusuhgGAq9udXQJqhuUOc5isCXysdCiK', 'W6VFcNHdPd', '2024-09-28 02:34:09', '2024-09-28 02:34:09'),
(227, 'Marge Wuckert DDS', 'madelyn68@example.net', '2024-09-28 02:34:08', '$2y$12$ePTi50DqcrDulxa5GaOnseusuhgGAq9udXQJqhuUOc5isCXysdCiK', 'LoKlCdL782', '2024-09-28 02:34:09', '2024-09-28 02:34:09'),
(228, 'Dr. Alyce Blanda', 'kyler.simonis@example.net', '2024-09-28 02:34:08', '$2y$12$ePTi50DqcrDulxa5GaOnseusuhgGAq9udXQJqhuUOc5isCXysdCiK', '7acVVxUQAd', '2024-09-28 02:34:09', '2024-09-28 02:34:09'),
(229, 'Miss Hilda Herzog', 'else84@example.org', '2024-09-28 02:34:08', '$2y$12$ePTi50DqcrDulxa5GaOnseusuhgGAq9udXQJqhuUOc5isCXysdCiK', 'm5DRQpcMNX', '2024-09-28 02:34:09', '2024-09-28 02:34:09'),
(230, 'Guy Johnson Sr.', 'sienna.gerlach@example.org', '2024-09-28 02:34:08', '$2y$12$ePTi50DqcrDulxa5GaOnseusuhgGAq9udXQJqhuUOc5isCXysdCiK', 'bxxkmLMAjy', '2024-09-28 02:34:09', '2024-09-28 02:34:09'),
(231, 'Prof. Norbert Langosh', 'iabernathy@example.com', '2024-09-28 02:34:08', '$2y$12$ePTi50DqcrDulxa5GaOnseusuhgGAq9udXQJqhuUOc5isCXysdCiK', 'uDuIjtey6I', '2024-09-28 02:34:09', '2024-09-28 02:34:09'),
(232, 'Chanelle Torp', 'bradley.lynch@example.com', '2024-09-28 02:34:08', '$2y$12$ePTi50DqcrDulxa5GaOnseusuhgGAq9udXQJqhuUOc5isCXysdCiK', 'btkolTzy30', '2024-09-28 02:34:09', '2024-09-28 02:34:09'),
(233, 'Ryley Beier', 'makenzie.fisher@example.org', '2024-09-28 02:34:08', '$2y$12$ePTi50DqcrDulxa5GaOnseusuhgGAq9udXQJqhuUOc5isCXysdCiK', 'm6fHC05CJ9', '2024-09-28 02:34:09', '2024-09-28 02:34:09'),
(234, 'Ezequiel Dicki', 'gwen.hyatt@example.net', '2024-09-28 02:34:08', '$2y$12$ePTi50DqcrDulxa5GaOnseusuhgGAq9udXQJqhuUOc5isCXysdCiK', 'ttpopyQMN7', '2024-09-28 02:34:09', '2024-09-28 02:34:09'),
(235, 'Ward Glover', 'paula.reinger@example.com', '2024-09-28 02:34:08', '$2y$12$ePTi50DqcrDulxa5GaOnseusuhgGAq9udXQJqhuUOc5isCXysdCiK', 'axmQYSaF5E', '2024-09-28 02:34:09', '2024-09-28 02:34:09'),
(236, 'Minnie Bartoletti', 'vinnie45@example.org', '2024-09-28 02:34:08', '$2y$12$ePTi50DqcrDulxa5GaOnseusuhgGAq9udXQJqhuUOc5isCXysdCiK', '8gr1HhpJrl', '2024-09-28 02:34:09', '2024-09-28 02:34:09'),
(237, 'Arvilla Walker', 'jay.koss@example.org', '2024-09-28 02:34:08', '$2y$12$ePTi50DqcrDulxa5GaOnseusuhgGAq9udXQJqhuUOc5isCXysdCiK', 'zDL3qPYMzn', '2024-09-28 02:34:09', '2024-09-28 02:34:09'),
(238, 'Braxton Powlowski', 'raynor.rae@example.com', '2024-09-28 02:34:08', '$2y$12$ePTi50DqcrDulxa5GaOnseusuhgGAq9udXQJqhuUOc5isCXysdCiK', 'x9fIGLVawQ', '2024-09-28 02:34:09', '2024-09-28 02:34:09'),
(239, 'Orval Kautzer', 'ressie21@example.org', '2024-09-28 02:34:08', '$2y$12$ePTi50DqcrDulxa5GaOnseusuhgGAq9udXQJqhuUOc5isCXysdCiK', 'DShKp7ue1K', '2024-09-28 02:34:09', '2024-09-28 02:34:09'),
(240, 'Garry Bahringer IV', 'kjakubowski@example.net', '2024-09-28 02:34:08', '$2y$12$ePTi50DqcrDulxa5GaOnseusuhgGAq9udXQJqhuUOc5isCXysdCiK', 'zAonmgFGHE', '2024-09-28 02:34:09', '2024-09-28 02:34:09'),
(241, 'Tatyana Kreiger', 'lgutmann@example.net', '2024-09-28 02:34:08', '$2y$12$ePTi50DqcrDulxa5GaOnseusuhgGAq9udXQJqhuUOc5isCXysdCiK', 'Hm90J3pojx', '2024-09-28 02:34:09', '2024-09-28 02:34:09'),
(242, 'Shaun Gerhold', 'kihn.omer@example.net', '2024-09-28 02:34:08', '$2y$12$ePTi50DqcrDulxa5GaOnseusuhgGAq9udXQJqhuUOc5isCXysdCiK', 'HAywK6tcgs', '2024-09-28 02:34:09', '2024-09-28 02:34:09'),
(243, 'Trisha Russel', 'wilbert36@example.org', '2024-09-28 02:34:08', '$2y$12$ePTi50DqcrDulxa5GaOnseusuhgGAq9udXQJqhuUOc5isCXysdCiK', 'TFlSEMRGNL', '2024-09-28 02:34:09', '2024-09-28 02:34:09'),
(244, 'Miss Litzy Leffler V', 'aledner@example.net', '2024-09-28 02:34:08', '$2y$12$ePTi50DqcrDulxa5GaOnseusuhgGAq9udXQJqhuUOc5isCXysdCiK', 'pOav0g4c40', '2024-09-28 02:34:09', '2024-09-28 02:34:09'),
(245, 'Dr. Alessia Heathcote DDS', 'glover.christop@example.com', '2024-09-28 02:34:08', '$2y$12$ePTi50DqcrDulxa5GaOnseusuhgGAq9udXQJqhuUOc5isCXysdCiK', 'pFWcZoOCwF', '2024-09-28 02:34:09', '2024-09-28 02:34:09'),
(246, 'Queen Dare', 'jennifer.hoppe@example.org', '2024-09-28 02:34:08', '$2y$12$ePTi50DqcrDulxa5GaOnseusuhgGAq9udXQJqhuUOc5isCXysdCiK', 'kTYNlCeh7Y', '2024-09-28 02:34:09', '2024-09-28 02:34:09'),
(247, 'Chet Kub', 'gvandervort@example.com', '2024-09-28 02:34:08', '$2y$12$ePTi50DqcrDulxa5GaOnseusuhgGAq9udXQJqhuUOc5isCXysdCiK', 'x9e6PM7QIl', '2024-09-28 02:34:09', '2024-09-28 02:34:09'),
(248, 'Mr. Emerald Huel PhD', 'hugh.stark@example.com', '2024-09-28 02:34:08', '$2y$12$ePTi50DqcrDulxa5GaOnseusuhgGAq9udXQJqhuUOc5isCXysdCiK', 'UJidrkoOIM', '2024-09-28 02:34:09', '2024-09-28 02:34:09'),
(249, 'Prof. Gene Douglas', 'ppacocha@example.com', '2024-09-28 02:34:08', '$2y$12$ePTi50DqcrDulxa5GaOnseusuhgGAq9udXQJqhuUOc5isCXysdCiK', 'kzVM0mV1Me', '2024-09-28 02:34:09', '2024-09-28 02:34:09'),
(250, 'Sally Cremin', 'franz84@example.net', '2024-09-28 02:34:08', '$2y$12$ePTi50DqcrDulxa5GaOnseusuhgGAq9udXQJqhuUOc5isCXysdCiK', 'uyCSzNuuMX', '2024-09-28 02:34:09', '2024-09-28 02:34:09'),
(251, 'Prof. Deshawn O\'Connell II', 'wilfred.padberg@example.org', '2024-09-28 02:34:08', '$2y$12$ePTi50DqcrDulxa5GaOnseusuhgGAq9udXQJqhuUOc5isCXysdCiK', 'gw52FQHAP3', '2024-09-28 02:34:09', '2024-09-28 02:34:09'),
(252, 'Prof. Vernie Graham', 'quinn83@example.com', '2024-09-28 02:34:08', '$2y$12$ePTi50DqcrDulxa5GaOnseusuhgGAq9udXQJqhuUOc5isCXysdCiK', '8zlLU0Y0ty', '2024-09-28 02:34:09', '2024-09-28 02:34:09');
INSERT INTO `users` (`id`, `name`, `email`, `email_verified_at`, `password`, `remember_token`, `created_at`, `updated_at`) VALUES
(253, 'Itzel Willms', 'iaufderhar@example.com', '2024-09-28 02:34:08', '$2y$12$ePTi50DqcrDulxa5GaOnseusuhgGAq9udXQJqhuUOc5isCXysdCiK', 'uIf7CciCck', '2024-09-28 02:34:09', '2024-09-28 02:34:09'),
(254, 'Mrs. Josefina Murazik', 'wolff.shirley@example.com', '2024-09-28 02:34:08', '$2y$12$ePTi50DqcrDulxa5GaOnseusuhgGAq9udXQJqhuUOc5isCXysdCiK', 'BQHpvlt7i9', '2024-09-28 02:34:09', '2024-09-28 02:34:09'),
(255, 'Annabel Hammes Sr.', 'mertz.caterina@example.com', '2024-09-28 02:34:08', '$2y$12$ePTi50DqcrDulxa5GaOnseusuhgGAq9udXQJqhuUOc5isCXysdCiK', 'gjLn59FLRx', '2024-09-28 02:34:09', '2024-09-28 02:34:09'),
(256, 'Deanna Schoen', 'wroob@example.com', '2024-09-28 02:34:08', '$2y$12$ePTi50DqcrDulxa5GaOnseusuhgGAq9udXQJqhuUOc5isCXysdCiK', 'XczSt3wr6Z', '2024-09-28 02:34:09', '2024-09-28 02:34:09'),
(257, 'Chad Paucek I', 'nhand@example.net', '2024-09-28 02:34:08', '$2y$12$ePTi50DqcrDulxa5GaOnseusuhgGAq9udXQJqhuUOc5isCXysdCiK', 'PgjfNB0vs3', '2024-09-28 02:34:09', '2024-09-28 02:34:09'),
(258, 'Favian Larkin', 'darrel.dooley@example.org', '2024-09-28 02:34:08', '$2y$12$ePTi50DqcrDulxa5GaOnseusuhgGAq9udXQJqhuUOc5isCXysdCiK', '8IvIzJO6cc', '2024-09-28 02:34:09', '2024-09-28 02:34:09'),
(259, 'Dr. Ivory Gleason V', 'gdenesik@example.org', '2024-09-28 02:34:08', '$2y$12$ePTi50DqcrDulxa5GaOnseusuhgGAq9udXQJqhuUOc5isCXysdCiK', 'rsm2e2MsqF', '2024-09-28 02:34:09', '2024-09-28 02:34:09'),
(260, 'Mrs. Gudrun Bahringer MD', 'xblanda@example.net', '2024-09-28 02:34:08', '$2y$12$ePTi50DqcrDulxa5GaOnseusuhgGAq9udXQJqhuUOc5isCXysdCiK', 'VhdzkEKrle', '2024-09-28 02:34:09', '2024-09-28 02:34:09'),
(261, 'Ms. Caitlyn Murazik', 'maddison58@example.com', '2024-09-28 02:34:08', '$2y$12$ePTi50DqcrDulxa5GaOnseusuhgGAq9udXQJqhuUOc5isCXysdCiK', 'gtIYtWjGIo', '2024-09-28 02:34:09', '2024-09-28 02:34:09'),
(262, 'Caitlyn Hettinger DDS', 'schaefer.daniela@example.net', '2024-09-28 02:34:08', '$2y$12$ePTi50DqcrDulxa5GaOnseusuhgGAq9udXQJqhuUOc5isCXysdCiK', 'BXJOeOrRHW', '2024-09-28 02:34:09', '2024-09-28 02:34:09'),
(263, 'Rudolph Gerhold', 'jeffrey.douglas@example.org', '2024-09-28 02:34:08', '$2y$12$ePTi50DqcrDulxa5GaOnseusuhgGAq9udXQJqhuUOc5isCXysdCiK', 'CCDv9PYDlu', '2024-09-28 02:34:09', '2024-09-28 02:34:09'),
(264, 'Liliane Stanton', 'bbarrows@example.net', '2024-09-28 02:34:08', '$2y$12$ePTi50DqcrDulxa5GaOnseusuhgGAq9udXQJqhuUOc5isCXysdCiK', 'dzJRU24cFR', '2024-09-28 02:34:09', '2024-09-28 02:34:09'),
(265, 'Llewellyn Schuster', 'vernie.quitzon@example.net', '2024-09-28 02:34:08', '$2y$12$ePTi50DqcrDulxa5GaOnseusuhgGAq9udXQJqhuUOc5isCXysdCiK', '4saYNJNPPf', '2024-09-28 02:34:09', '2024-09-28 02:34:09'),
(266, 'Anastacio Langworth', 'moore.henderson@example.com', '2024-09-28 02:34:08', '$2y$12$ePTi50DqcrDulxa5GaOnseusuhgGAq9udXQJqhuUOc5isCXysdCiK', 'Wj9rilzV29', '2024-09-28 02:34:09', '2024-09-28 02:34:09'),
(267, 'Dr. Rick Romaguera', 'regan.fadel@example.net', '2024-09-28 02:34:08', '$2y$12$ePTi50DqcrDulxa5GaOnseusuhgGAq9udXQJqhuUOc5isCXysdCiK', 'sz6LSxvUYt', '2024-09-28 02:34:09', '2024-09-28 02:34:09'),
(268, 'Makenna Hintz', 'kiara.schroeder@example.org', '2024-09-28 02:34:08', '$2y$12$ePTi50DqcrDulxa5GaOnseusuhgGAq9udXQJqhuUOc5isCXysdCiK', 'bRZo5vLZhV', '2024-09-28 02:34:09', '2024-09-28 02:34:09'),
(269, 'Consuelo Borer', 'dmertz@example.net', '2024-09-28 02:34:08', '$2y$12$ePTi50DqcrDulxa5GaOnseusuhgGAq9udXQJqhuUOc5isCXysdCiK', 'TpIhDK1WOG', '2024-09-28 02:34:09', '2024-09-28 02:34:09'),
(270, 'Katelynn Pacocha', 'orie.bashirian@example.org', '2024-09-28 02:34:08', '$2y$12$ePTi50DqcrDulxa5GaOnseusuhgGAq9udXQJqhuUOc5isCXysdCiK', 'zWqgPYwINk', '2024-09-28 02:34:09', '2024-09-28 02:34:09'),
(271, 'Mathias Kuphal', 'bboyle@example.com', '2024-09-28 02:34:08', '$2y$12$ePTi50DqcrDulxa5GaOnseusuhgGAq9udXQJqhuUOc5isCXysdCiK', 'pOVXEtURln', '2024-09-28 02:34:09', '2024-09-28 02:34:09'),
(272, 'Leila West', 'wnikolaus@example.org', '2024-09-28 02:34:08', '$2y$12$ePTi50DqcrDulxa5GaOnseusuhgGAq9udXQJqhuUOc5isCXysdCiK', 'a8Xq5My3RK', '2024-09-28 02:34:09', '2024-09-28 02:34:09'),
(273, 'Lyda Johnston', 'keebler.avis@example.net', '2024-09-28 02:34:08', '$2y$12$ePTi50DqcrDulxa5GaOnseusuhgGAq9udXQJqhuUOc5isCXysdCiK', 't46RPB5EnB', '2024-09-28 02:34:09', '2024-09-28 02:34:09'),
(274, 'Prof. Cole Romaguera', 'margot.wolff@example.org', '2024-09-28 02:34:08', '$2y$12$ePTi50DqcrDulxa5GaOnseusuhgGAq9udXQJqhuUOc5isCXysdCiK', 'rKdQVjtrEa', '2024-09-28 02:34:09', '2024-09-28 02:34:09'),
(275, 'Ms. Lilly Greenholt I', 'shea.jerde@example.com', '2024-09-28 02:34:08', '$2y$12$ePTi50DqcrDulxa5GaOnseusuhgGAq9udXQJqhuUOc5isCXysdCiK', 'rGUa9VgTEa', '2024-09-28 02:34:09', '2024-09-28 02:34:09'),
(276, 'Domenic White', 'meredith.gutkowski@example.net', '2024-09-28 02:34:08', '$2y$12$ePTi50DqcrDulxa5GaOnseusuhgGAq9udXQJqhuUOc5isCXysdCiK', 'lOTJbPaYaA', '2024-09-28 02:34:09', '2024-09-28 02:34:09'),
(277, 'John Miller', 'fstracke@example.net', '2024-09-28 02:34:08', '$2y$12$ePTi50DqcrDulxa5GaOnseusuhgGAq9udXQJqhuUOc5isCXysdCiK', 'eGp8kRIIR2', '2024-09-28 02:34:09', '2024-09-28 02:34:09'),
(278, 'Austyn Jones III', 'oconner.jarred@example.com', '2024-09-28 02:34:08', '$2y$12$ePTi50DqcrDulxa5GaOnseusuhgGAq9udXQJqhuUOc5isCXysdCiK', 'Vi2WzADsDm', '2024-09-28 02:34:09', '2024-09-28 02:34:09'),
(279, 'Prof. Letitia Cremin', 'novella63@example.net', '2024-09-28 02:34:08', '$2y$12$ePTi50DqcrDulxa5GaOnseusuhgGAq9udXQJqhuUOc5isCXysdCiK', 'mBs6h7z4Zp', '2024-09-28 02:34:09', '2024-09-28 02:34:09'),
(280, 'Destin Rosenbaum Jr.', 'tess38@example.org', '2024-09-28 02:34:08', '$2y$12$ePTi50DqcrDulxa5GaOnseusuhgGAq9udXQJqhuUOc5isCXysdCiK', 'f9uc3GbJTZ', '2024-09-28 02:34:09', '2024-09-28 02:34:09'),
(281, 'Kiley Kihn', 'fgleason@example.org', '2024-09-28 02:34:08', '$2y$12$ePTi50DqcrDulxa5GaOnseusuhgGAq9udXQJqhuUOc5isCXysdCiK', 'UTrmRvdomx', '2024-09-28 02:34:09', '2024-09-28 02:34:09'),
(282, 'Mr. Melvina Blick', 'thurman40@example.net', '2024-09-28 02:34:08', '$2y$12$ePTi50DqcrDulxa5GaOnseusuhgGAq9udXQJqhuUOc5isCXysdCiK', 'XsND3EELaD', '2024-09-28 02:34:09', '2024-09-28 02:34:09'),
(283, 'Evie Collins', 'foster60@example.org', '2024-09-28 02:34:08', '$2y$12$ePTi50DqcrDulxa5GaOnseusuhgGAq9udXQJqhuUOc5isCXysdCiK', 'QaRiFloyuk', '2024-09-28 02:34:09', '2024-09-28 02:34:09'),
(284, 'Mr. Colt McClure', 'qreichel@example.com', '2024-09-28 02:34:08', '$2y$12$ePTi50DqcrDulxa5GaOnseusuhgGAq9udXQJqhuUOc5isCXysdCiK', 'RkNLewXdBC', '2024-09-28 02:34:09', '2024-09-28 02:34:09'),
(285, 'Mr. Donny Kub DDS', 'oberbrunner.florencio@example.org', '2024-09-28 02:34:08', '$2y$12$ePTi50DqcrDulxa5GaOnseusuhgGAq9udXQJqhuUOc5isCXysdCiK', 'iDYtECs1Jp', '2024-09-28 02:34:09', '2024-09-28 02:34:09'),
(286, 'Julius Zieme', 'king.renee@example.com', '2024-09-28 02:34:08', '$2y$12$ePTi50DqcrDulxa5GaOnseusuhgGAq9udXQJqhuUOc5isCXysdCiK', '5Pf0Q66nLj', '2024-09-28 02:34:09', '2024-09-28 02:34:09'),
(287, 'Alan O\'Conner', 'sandra.jast@example.net', '2024-09-28 02:34:08', '$2y$12$ePTi50DqcrDulxa5GaOnseusuhgGAq9udXQJqhuUOc5isCXysdCiK', 'ztmr1kJJln', '2024-09-28 02:34:09', '2024-09-28 02:34:09'),
(288, 'Verlie Ullrich III', 'johnathon.champlin@example.net', '2024-09-28 02:34:08', '$2y$12$ePTi50DqcrDulxa5GaOnseusuhgGAq9udXQJqhuUOc5isCXysdCiK', 'E2v0XdGraa', '2024-09-28 02:34:09', '2024-09-28 02:34:09'),
(289, 'Estell Deckow Sr.', 'amya.balistreri@example.net', '2024-09-28 02:34:08', '$2y$12$ePTi50DqcrDulxa5GaOnseusuhgGAq9udXQJqhuUOc5isCXysdCiK', 'BF7flEh3H5', '2024-09-28 02:34:09', '2024-09-28 02:34:09'),
(290, 'Lina Prosacco PhD', 'bethel.ward@example.org', '2024-09-28 02:34:08', '$2y$12$ePTi50DqcrDulxa5GaOnseusuhgGAq9udXQJqhuUOc5isCXysdCiK', 'ZsXZxZbfdy', '2024-09-28 02:34:09', '2024-09-28 02:34:09'),
(291, 'Miss May Collier I', 'ward.verna@example.com', '2024-09-28 02:34:08', '$2y$12$ePTi50DqcrDulxa5GaOnseusuhgGAq9udXQJqhuUOc5isCXysdCiK', 'yQsQkvbOW5', '2024-09-28 02:34:09', '2024-09-28 02:34:09'),
(292, 'Dr. Vince O\'Connell Jr.', 'rachael10@example.net', '2024-09-28 02:34:08', '$2y$12$ePTi50DqcrDulxa5GaOnseusuhgGAq9udXQJqhuUOc5isCXysdCiK', 'l87yhx6LrM', '2024-09-28 02:34:09', '2024-09-28 02:34:09'),
(293, 'Aubrey Russel', 'clement88@example.com', '2024-09-28 02:34:08', '$2y$12$ePTi50DqcrDulxa5GaOnseusuhgGAq9udXQJqhuUOc5isCXysdCiK', 'IGdnT0HfOk', '2024-09-28 02:34:09', '2024-09-28 02:34:09'),
(294, 'Mazie Abernathy DVM', 'napoleon47@example.com', '2024-09-28 02:34:08', '$2y$12$ePTi50DqcrDulxa5GaOnseusuhgGAq9udXQJqhuUOc5isCXysdCiK', 'oPj4e7rz53', '2024-09-28 02:34:09', '2024-09-28 02:34:09'),
(295, 'Gloria Turcotte', 'cremin.johann@example.net', '2024-09-28 02:34:08', '$2y$12$ePTi50DqcrDulxa5GaOnseusuhgGAq9udXQJqhuUOc5isCXysdCiK', 'XsybQU4Kxt', '2024-09-28 02:34:09', '2024-09-28 02:34:09'),
(296, 'Granville Bradtke', 'jast.garret@example.org', '2024-09-28 02:34:08', '$2y$12$ePTi50DqcrDulxa5GaOnseusuhgGAq9udXQJqhuUOc5isCXysdCiK', 'VeGgXxfl8G', '2024-09-28 02:34:09', '2024-09-28 02:34:09'),
(297, 'Sage Spencer', 'amely.marvin@example.net', '2024-09-28 02:34:08', '$2y$12$ePTi50DqcrDulxa5GaOnseusuhgGAq9udXQJqhuUOc5isCXysdCiK', 'jgqd6INSJQ', '2024-09-28 02:34:09', '2024-09-28 02:34:09'),
(298, 'Mr. Ralph Gleichner', 'janet.ryan@example.org', '2024-09-28 02:34:08', '$2y$12$ePTi50DqcrDulxa5GaOnseusuhgGAq9udXQJqhuUOc5isCXysdCiK', 'KToyJVwORk', '2024-09-28 02:34:09', '2024-09-28 02:34:09'),
(299, 'Stefanie Schumm', 'britney50@example.net', '2024-09-28 02:34:08', '$2y$12$ePTi50DqcrDulxa5GaOnseusuhgGAq9udXQJqhuUOc5isCXysdCiK', 'vuAwaXxX7m', '2024-09-28 02:34:09', '2024-09-28 02:34:09'),
(300, 'Prof. Arely Schmidt I', 'elda85@example.org', '2024-09-28 02:34:08', '$2y$12$ePTi50DqcrDulxa5GaOnseusuhgGAq9udXQJqhuUOc5isCXysdCiK', 'zl7lJ23CBQ', '2024-09-28 02:34:09', '2024-09-28 02:34:09'),
(301, 'Reina Donnelly IV', 'rmckenzie@example.com', '2024-09-28 02:34:08', '$2y$12$ePTi50DqcrDulxa5GaOnseusuhgGAq9udXQJqhuUOc5isCXysdCiK', 'JxRcgklgYt', '2024-09-28 02:34:09', '2024-09-28 02:34:09'),
(302, 'Shanelle Hills IV', 'kirstin28@example.com', '2024-09-28 02:34:08', '$2y$12$ePTi50DqcrDulxa5GaOnseusuhgGAq9udXQJqhuUOc5isCXysdCiK', 'pLMD0TmHRa', '2024-09-28 02:34:09', '2024-09-28 02:34:09'),
(303, 'Mrs. Matilde Sipes II', 'giles45@example.net', '2024-09-28 02:34:08', '$2y$12$ePTi50DqcrDulxa5GaOnseusuhgGAq9udXQJqhuUOc5isCXysdCiK', 'SoU9rBXBjE', '2024-09-28 02:34:09', '2024-09-28 02:34:09'),
(304, 'Bernie Langworth', 'wunsch.jaycee@example.org', '2024-09-28 02:34:08', '$2y$12$ePTi50DqcrDulxa5GaOnseusuhgGAq9udXQJqhuUOc5isCXysdCiK', 'VowXnJgbQP', '2024-09-28 02:34:09', '2024-09-28 02:34:09'),
(305, 'Norberto Stiedemann', 'qarmstrong@example.net', '2024-09-28 02:34:08', '$2y$12$ePTi50DqcrDulxa5GaOnseusuhgGAq9udXQJqhuUOc5isCXysdCiK', 'InTWH0s5nk', '2024-09-28 02:34:09', '2024-09-28 02:34:09'),
(306, 'Glen Wisozk', 'dejuan.predovic@example.com', '2024-09-28 02:34:08', '$2y$12$ePTi50DqcrDulxa5GaOnseusuhgGAq9udXQJqhuUOc5isCXysdCiK', 'LOmO7eHGuA', '2024-09-28 02:34:09', '2024-09-28 02:34:09'),
(307, 'Jasper Blanda III', 'oleannon@example.net', '2024-09-28 02:34:08', '$2y$12$ePTi50DqcrDulxa5GaOnseusuhgGAq9udXQJqhuUOc5isCXysdCiK', 'hMcOSTY4tE', '2024-09-28 02:34:09', '2024-09-28 02:34:09'),
(308, 'Xavier Wyman I', 'laurel.effertz@example.com', '2024-09-28 02:34:08', '$2y$12$ePTi50DqcrDulxa5GaOnseusuhgGAq9udXQJqhuUOc5isCXysdCiK', 'BUMSGtxXHa', '2024-09-28 02:34:09', '2024-09-28 02:34:09'),
(309, 'Eulah Cassin', 'rowland89@example.org', '2024-09-28 02:34:08', '$2y$12$ePTi50DqcrDulxa5GaOnseusuhgGAq9udXQJqhuUOc5isCXysdCiK', 'pkQqtbbif5', '2024-09-28 02:34:09', '2024-09-28 02:34:09'),
(310, 'Gladys Harris', 'charley.streich@example.com', '2024-09-28 02:34:08', '$2y$12$ePTi50DqcrDulxa5GaOnseusuhgGAq9udXQJqhuUOc5isCXysdCiK', 'nzHv1RsduQ', '2024-09-28 02:34:09', '2024-09-28 02:34:09'),
(311, 'Roselyn Dietrich', 'jensen.waelchi@example.org', '2024-09-28 02:34:08', '$2y$12$ePTi50DqcrDulxa5GaOnseusuhgGAq9udXQJqhuUOc5isCXysdCiK', '0R0J20cygT', '2024-09-28 02:34:09', '2024-09-28 02:34:09'),
(312, 'D\'angelo Zboncak I', 'bogan.aliya@example.org', '2024-09-28 02:34:08', '$2y$12$ePTi50DqcrDulxa5GaOnseusuhgGAq9udXQJqhuUOc5isCXysdCiK', 'WnEVHqP47l', '2024-09-28 02:34:09', '2024-09-28 02:34:09'),
(313, 'Ms. Cathrine Wilderman', 'mosciski.betsy@example.net', '2024-09-28 02:34:08', '$2y$12$ePTi50DqcrDulxa5GaOnseusuhgGAq9udXQJqhuUOc5isCXysdCiK', 'NeGcNZ2HfP', '2024-09-28 02:34:09', '2024-09-28 02:34:09'),
(314, 'Marge Blanda', 'karolann.conroy@example.net', '2024-09-28 02:34:08', '$2y$12$ePTi50DqcrDulxa5GaOnseusuhgGAq9udXQJqhuUOc5isCXysdCiK', 'L68lRGM8PK', '2024-09-28 02:34:09', '2024-09-28 02:34:09'),
(315, 'Rubie Boehm', 'orpha53@example.com', '2024-09-28 02:34:08', '$2y$12$ePTi50DqcrDulxa5GaOnseusuhgGAq9udXQJqhuUOc5isCXysdCiK', '5tZHolDGQh', '2024-09-28 02:34:09', '2024-09-28 02:34:09'),
(316, 'Nola Kuphal', 'alena13@example.com', '2024-09-28 02:34:08', '$2y$12$ePTi50DqcrDulxa5GaOnseusuhgGAq9udXQJqhuUOc5isCXysdCiK', 'sy5uKTxrg8', '2024-09-28 02:34:09', '2024-09-28 02:34:09'),
(317, 'Francis Swift I', 'gillian.feil@example.org', '2024-09-28 02:34:08', '$2y$12$ePTi50DqcrDulxa5GaOnseusuhgGAq9udXQJqhuUOc5isCXysdCiK', 'jsshZ4tWs8', '2024-09-28 02:34:09', '2024-09-28 02:34:09'),
(318, 'Daphney Beahan', 'crona.miguel@example.com', '2024-09-28 02:34:08', '$2y$12$ePTi50DqcrDulxa5GaOnseusuhgGAq9udXQJqhuUOc5isCXysdCiK', 'iJyXEXb5op', '2024-09-28 02:34:09', '2024-09-28 02:34:09'),
(319, 'Adelle Hamill', 'haley09@example.org', '2024-09-28 02:34:08', '$2y$12$ePTi50DqcrDulxa5GaOnseusuhgGAq9udXQJqhuUOc5isCXysdCiK', 'waPNO3Gbtf', '2024-09-28 02:34:09', '2024-09-28 02:34:09'),
(320, 'Otilia Cronin', 'hansen.jena@example.org', '2024-09-28 02:34:08', '$2y$12$ePTi50DqcrDulxa5GaOnseusuhgGAq9udXQJqhuUOc5isCXysdCiK', 'ZD2SamYH7O', '2024-09-28 02:34:09', '2024-09-28 02:34:09'),
(321, 'Vita Hyatt', 'mblock@example.com', '2024-09-28 02:34:08', '$2y$12$ePTi50DqcrDulxa5GaOnseusuhgGAq9udXQJqhuUOc5isCXysdCiK', '2MaM5zA51E', '2024-09-28 02:34:09', '2024-09-28 02:34:09'),
(322, 'Mateo Marvin', 'prosacco.guido@example.org', '2024-09-28 02:34:08', '$2y$12$ePTi50DqcrDulxa5GaOnseusuhgGAq9udXQJqhuUOc5isCXysdCiK', 'p51sLjslss', '2024-09-28 02:34:09', '2024-09-28 02:34:09'),
(323, 'Breanne Greenfelder', 'mario04@example.org', '2024-09-28 02:34:08', '$2y$12$ePTi50DqcrDulxa5GaOnseusuhgGAq9udXQJqhuUOc5isCXysdCiK', 'oWHvEjCpV0', '2024-09-28 02:34:09', '2024-09-28 02:34:09'),
(324, 'Mrs. Jane Lebsack Sr.', 'rbaumbach@example.org', '2024-09-28 02:34:08', '$2y$12$ePTi50DqcrDulxa5GaOnseusuhgGAq9udXQJqhuUOc5isCXysdCiK', 'cdrikiLvi8', '2024-09-28 02:34:09', '2024-09-28 02:34:09'),
(325, 'Ms. Lelia Spencer', 'will.quinton@example.net', '2024-09-28 02:34:08', '$2y$12$ePTi50DqcrDulxa5GaOnseusuhgGAq9udXQJqhuUOc5isCXysdCiK', '1nbCDcOzC7', '2024-09-28 02:34:09', '2024-09-28 02:34:09'),
(326, 'Muriel Shanahan', 'schroeder.candelario@example.org', '2024-09-28 02:34:08', '$2y$12$ePTi50DqcrDulxa5GaOnseusuhgGAq9udXQJqhuUOc5isCXysdCiK', '9BKRBoUx5c', '2024-09-28 02:34:09', '2024-09-28 02:34:09'),
(327, 'Millie Grimes', 'kirlin.junius@example.org', '2024-09-28 02:34:08', '$2y$12$ePTi50DqcrDulxa5GaOnseusuhgGAq9udXQJqhuUOc5isCXysdCiK', 'PUWzgA9Q70', '2024-09-28 02:34:09', '2024-09-28 02:34:09'),
(328, 'Norwood Cummings', 'oschumm@example.net', '2024-09-28 02:34:08', '$2y$12$ePTi50DqcrDulxa5GaOnseusuhgGAq9udXQJqhuUOc5isCXysdCiK', 'pFundQBH7F', '2024-09-28 02:34:09', '2024-09-28 02:34:09'),
(329, 'Cierra Braun', 'sporer.karianne@example.org', '2024-09-28 02:34:08', '$2y$12$ePTi50DqcrDulxa5GaOnseusuhgGAq9udXQJqhuUOc5isCXysdCiK', 's0Raz7Ajq8', '2024-09-28 02:34:09', '2024-09-28 02:34:09'),
(330, 'Ms. Katelin Schamberger', 'ashly80@example.net', '2024-09-28 02:34:08', '$2y$12$ePTi50DqcrDulxa5GaOnseusuhgGAq9udXQJqhuUOc5isCXysdCiK', 'mnQPy6hvla', '2024-09-28 02:34:09', '2024-09-28 02:34:09'),
(331, 'Prof. Ken Stamm V', 'erna.aufderhar@example.org', '2024-09-28 02:34:08', '$2y$12$ePTi50DqcrDulxa5GaOnseusuhgGAq9udXQJqhuUOc5isCXysdCiK', 'wD0CIFbl1V', '2024-09-28 02:34:09', '2024-09-28 02:34:09'),
(332, 'Prof. Johanna Spinka IV', 'wwuckert@example.com', '2024-09-28 02:34:08', '$2y$12$ePTi50DqcrDulxa5GaOnseusuhgGAq9udXQJqhuUOc5isCXysdCiK', 'p6OKr70nsH', '2024-09-28 02:34:09', '2024-09-28 02:34:09'),
(333, 'Prof. Vivien Jacobson MD', 'aufderhar.flo@example.com', '2024-09-28 02:34:08', '$2y$12$ePTi50DqcrDulxa5GaOnseusuhgGAq9udXQJqhuUOc5isCXysdCiK', 'WeaSMmGAAu', '2024-09-28 02:34:09', '2024-09-28 02:34:09'),
(334, 'Alberto McKenzie', 'ottilie43@example.net', '2024-09-28 02:34:08', '$2y$12$ePTi50DqcrDulxa5GaOnseusuhgGAq9udXQJqhuUOc5isCXysdCiK', 'ODJYUVArcJ', '2024-09-28 02:34:09', '2024-09-28 02:34:09'),
(335, 'Miss Eileen Bechtelar', 'ettie.quigley@example.net', '2024-09-28 02:34:08', '$2y$12$ePTi50DqcrDulxa5GaOnseusuhgGAq9udXQJqhuUOc5isCXysdCiK', '7pVuD1rMEj', '2024-09-28 02:34:09', '2024-09-28 02:34:09'),
(336, 'Abbey Collins', 'parisian.corine@example.com', '2024-09-28 02:34:08', '$2y$12$ePTi50DqcrDulxa5GaOnseusuhgGAq9udXQJqhuUOc5isCXysdCiK', '4DyV65DGRD', '2024-09-28 02:34:09', '2024-09-28 02:34:09'),
(337, 'Dr. Kenton Walsh IV', 'rigoberto34@example.org', '2024-09-28 02:34:08', '$2y$12$ePTi50DqcrDulxa5GaOnseusuhgGAq9udXQJqhuUOc5isCXysdCiK', 'KXFQH1v5w1', '2024-09-28 02:34:09', '2024-09-28 02:34:09'),
(338, 'Joan Kling', 'mkrajcik@example.com', '2024-09-28 02:34:08', '$2y$12$ePTi50DqcrDulxa5GaOnseusuhgGAq9udXQJqhuUOc5isCXysdCiK', 'gX31am2TOV', '2024-09-28 02:34:09', '2024-09-28 02:34:09'),
(339, 'Ms. Demetris Beatty Jr.', 'pamela.ferry@example.net', '2024-09-28 02:34:08', '$2y$12$ePTi50DqcrDulxa5GaOnseusuhgGAq9udXQJqhuUOc5isCXysdCiK', '4QTgDKOZDG', '2024-09-28 02:34:09', '2024-09-28 02:34:09'),
(340, 'Mrs. Ericka Ortiz', 'steuber.percy@example.com', '2024-09-28 02:34:08', '$2y$12$ePTi50DqcrDulxa5GaOnseusuhgGAq9udXQJqhuUOc5isCXysdCiK', 'cMwqb8L0N3', '2024-09-28 02:34:09', '2024-09-28 02:34:09'),
(341, 'Yazmin McDermott DDS', 'clyde55@example.com', '2024-09-28 02:34:08', '$2y$12$ePTi50DqcrDulxa5GaOnseusuhgGAq9udXQJqhuUOc5isCXysdCiK', 'gVg6puL641', '2024-09-28 02:34:09', '2024-09-28 02:34:09'),
(342, 'Ole D\'Amore IV', 'joseph.gerlach@example.net', '2024-09-28 02:34:08', '$2y$12$ePTi50DqcrDulxa5GaOnseusuhgGAq9udXQJqhuUOc5isCXysdCiK', 'TsOUoQyVL5', '2024-09-28 02:34:09', '2024-09-28 02:34:09'),
(343, 'Prof. Terrance Herman V', 'myron63@example.net', '2024-09-28 02:34:08', '$2y$12$ePTi50DqcrDulxa5GaOnseusuhgGAq9udXQJqhuUOc5isCXysdCiK', '7CpBKW4a06', '2024-09-28 02:34:09', '2024-09-28 02:34:09'),
(344, 'Rosalind Ankunding', 'kiara35@example.com', '2024-09-28 02:34:08', '$2y$12$ePTi50DqcrDulxa5GaOnseusuhgGAq9udXQJqhuUOc5isCXysdCiK', 'lpVThR5zeZ', '2024-09-28 02:34:09', '2024-09-28 02:34:09'),
(345, 'Guadalupe Cremin IV', 'dooley.ocie@example.org', '2024-09-28 02:34:08', '$2y$12$ePTi50DqcrDulxa5GaOnseusuhgGAq9udXQJqhuUOc5isCXysdCiK', 'hNSkSlTTP5', '2024-09-28 02:34:09', '2024-09-28 02:34:09'),
(346, 'Brooks Kihn', 'dana.bode@example.com', '2024-09-28 02:34:08', '$2y$12$ePTi50DqcrDulxa5GaOnseusuhgGAq9udXQJqhuUOc5isCXysdCiK', 'qIZwpU5F6I', '2024-09-28 02:34:09', '2024-09-28 02:34:09'),
(347, 'Aracely Leffler', 'smurray@example.com', '2024-09-28 02:34:08', '$2y$12$ePTi50DqcrDulxa5GaOnseusuhgGAq9udXQJqhuUOc5isCXysdCiK', '28Kl4TXvr0', '2024-09-28 02:34:09', '2024-09-28 02:34:09'),
(348, 'Miss Delpha Franecki I', 'martina63@example.net', '2024-09-28 02:34:08', '$2y$12$ePTi50DqcrDulxa5GaOnseusuhgGAq9udXQJqhuUOc5isCXysdCiK', 'RCbtreCLrq', '2024-09-28 02:34:09', '2024-09-28 02:34:09'),
(349, 'Emiliano Steuber', 'roma65@example.net', '2024-09-28 02:34:08', '$2y$12$ePTi50DqcrDulxa5GaOnseusuhgGAq9udXQJqhuUOc5isCXysdCiK', 'MigXWF3Jkb', '2024-09-28 02:34:09', '2024-09-28 02:34:09'),
(350, 'Zora Veum I', 'bauch.cierra@example.net', '2024-09-28 02:34:08', '$2y$12$ePTi50DqcrDulxa5GaOnseusuhgGAq9udXQJqhuUOc5isCXysdCiK', '6bYamjhCBK', '2024-09-28 02:34:09', '2024-09-28 02:34:09'),
(351, 'Heath Rice IV', 'wkris@example.com', '2024-09-28 02:34:08', '$2y$12$ePTi50DqcrDulxa5GaOnseusuhgGAq9udXQJqhuUOc5isCXysdCiK', 'n9XFMGaWgn', '2024-09-28 02:34:09', '2024-09-28 02:34:09'),
(352, 'Kathryn Kilback', 'rpagac@example.com', '2024-09-28 02:34:08', '$2y$12$ePTi50DqcrDulxa5GaOnseusuhgGAq9udXQJqhuUOc5isCXysdCiK', '0HQC9nmvt6', '2024-09-28 02:34:09', '2024-09-28 02:34:09'),
(353, 'Bo Carroll', 'sienna37@example.org', '2024-09-28 02:34:08', '$2y$12$ePTi50DqcrDulxa5GaOnseusuhgGAq9udXQJqhuUOc5isCXysdCiK', 'CM7hOSbwoc', '2024-09-28 02:34:09', '2024-09-28 02:34:09'),
(354, 'Abdul Pacocha PhD', 'imani34@example.com', '2024-09-28 02:34:08', '$2y$12$ePTi50DqcrDulxa5GaOnseusuhgGAq9udXQJqhuUOc5isCXysdCiK', 'YLFvU1uyg6', '2024-09-28 02:34:09', '2024-09-28 02:34:09'),
(355, 'Prof. Osborne Huel', 'emelia38@example.org', '2024-09-28 02:34:08', '$2y$12$ePTi50DqcrDulxa5GaOnseusuhgGAq9udXQJqhuUOc5isCXysdCiK', '4AwwsvjPAg', '2024-09-28 02:34:09', '2024-09-28 02:34:09'),
(356, 'Dr. Saige Gutkowski', 'christian07@example.net', '2024-09-28 02:34:08', '$2y$12$ePTi50DqcrDulxa5GaOnseusuhgGAq9udXQJqhuUOc5isCXysdCiK', '0z7sYgMQqc', '2024-09-28 02:34:09', '2024-09-28 02:34:09'),
(357, 'Prof. Alvena Lubowitz DVM', 'abreitenberg@example.org', '2024-09-28 02:34:08', '$2y$12$ePTi50DqcrDulxa5GaOnseusuhgGAq9udXQJqhuUOc5isCXysdCiK', 'egwuqk7Fi0', '2024-09-28 02:34:09', '2024-09-28 02:34:09'),
(358, 'Prof. Lilyan Kub', 'cjenkins@example.org', '2024-09-28 02:34:08', '$2y$12$ePTi50DqcrDulxa5GaOnseusuhgGAq9udXQJqhuUOc5isCXysdCiK', 'DGummKvsfu', '2024-09-28 02:34:09', '2024-09-28 02:34:09'),
(359, 'Mrs. Astrid Hickle PhD', 'rutherford.austin@example.com', '2024-09-28 02:34:08', '$2y$12$ePTi50DqcrDulxa5GaOnseusuhgGAq9udXQJqhuUOc5isCXysdCiK', 'k7kOADdiA2', '2024-09-28 02:34:09', '2024-09-28 02:34:09'),
(360, 'Magdalen Sanford', 'geo96@example.com', '2024-09-28 02:34:08', '$2y$12$ePTi50DqcrDulxa5GaOnseusuhgGAq9udXQJqhuUOc5isCXysdCiK', 'JAPNLv7rlE', '2024-09-28 02:34:09', '2024-09-28 02:34:09'),
(361, 'Dejah Hessel', 'emelie26@example.net', '2024-09-28 02:34:08', '$2y$12$ePTi50DqcrDulxa5GaOnseusuhgGAq9udXQJqhuUOc5isCXysdCiK', 'cWVUCFqdrM', '2024-09-28 02:34:09', '2024-09-28 02:34:09'),
(362, 'Branson Homenick', 'kraig.kub@example.org', '2024-09-28 02:34:08', '$2y$12$ePTi50DqcrDulxa5GaOnseusuhgGAq9udXQJqhuUOc5isCXysdCiK', '48V4auHBTN', '2024-09-28 02:34:09', '2024-09-28 02:34:09'),
(363, 'Arvel Rowe', 'emory80@example.org', '2024-09-28 02:34:08', '$2y$12$ePTi50DqcrDulxa5GaOnseusuhgGAq9udXQJqhuUOc5isCXysdCiK', '1CFgOwUkBr', '2024-09-28 02:34:09', '2024-09-28 02:34:09'),
(364, 'Shyann Collier Sr.', 'rhaag@example.net', '2024-09-28 02:34:08', '$2y$12$ePTi50DqcrDulxa5GaOnseusuhgGAq9udXQJqhuUOc5isCXysdCiK', '5P8dOkoO7G', '2024-09-28 02:34:09', '2024-09-28 02:34:09'),
(365, 'Jimmie Reichel Jr.', 'consuelo60@example.org', '2024-09-28 02:34:08', '$2y$12$ePTi50DqcrDulxa5GaOnseusuhgGAq9udXQJqhuUOc5isCXysdCiK', 'W1BHmOPsKe', '2024-09-28 02:34:09', '2024-09-28 02:34:09'),
(366, 'Kurt Wisoky MD', 'ramona68@example.com', '2024-09-28 02:34:08', '$2y$12$ePTi50DqcrDulxa5GaOnseusuhgGAq9udXQJqhuUOc5isCXysdCiK', 'JgJmLTScJp', '2024-09-28 02:34:09', '2024-09-28 02:34:09'),
(367, 'Mr. Zander Sawayn', 'luz01@example.com', '2024-09-28 02:34:08', '$2y$12$ePTi50DqcrDulxa5GaOnseusuhgGAq9udXQJqhuUOc5isCXysdCiK', 'e2BKU9WNgl', '2024-09-28 02:34:09', '2024-09-28 02:34:09'),
(368, 'Cristina Lesch', 'noconnell@example.org', '2024-09-28 02:34:08', '$2y$12$ePTi50DqcrDulxa5GaOnseusuhgGAq9udXQJqhuUOc5isCXysdCiK', 'ojkhOUWE9e', '2024-09-28 02:34:09', '2024-09-28 02:34:09'),
(369, 'Rosemarie Johnson', 'xgrant@example.net', '2024-09-28 02:34:08', '$2y$12$ePTi50DqcrDulxa5GaOnseusuhgGAq9udXQJqhuUOc5isCXysdCiK', 'DjWGVf7SxO', '2024-09-28 02:34:09', '2024-09-28 02:34:09'),
(370, 'Wilburn Balistreri Sr.', 'pinkie.mayer@example.com', '2024-09-28 02:34:08', '$2y$12$ePTi50DqcrDulxa5GaOnseusuhgGAq9udXQJqhuUOc5isCXysdCiK', 'Ci8OZIkkJl', '2024-09-28 02:34:09', '2024-09-28 02:34:09'),
(371, 'Demetris Wehner', 'dswift@example.net', '2024-09-28 02:34:08', '$2y$12$ePTi50DqcrDulxa5GaOnseusuhgGAq9udXQJqhuUOc5isCXysdCiK', 'E1zbkGpwcT', '2024-09-28 02:34:09', '2024-09-28 02:34:09'),
(372, 'Dr. Eve Shanahan MD', 'kboyer@example.net', '2024-09-28 02:34:08', '$2y$12$ePTi50DqcrDulxa5GaOnseusuhgGAq9udXQJqhuUOc5isCXysdCiK', 'xHwwmwuHn1', '2024-09-28 02:34:09', '2024-09-28 02:34:09'),
(373, 'Ms. Rosie Conn DVM', 'hegmann.king@example.org', '2024-09-28 02:34:08', '$2y$12$ePTi50DqcrDulxa5GaOnseusuhgGAq9udXQJqhuUOc5isCXysdCiK', 'dTrmaMMEsV', '2024-09-28 02:34:09', '2024-09-28 02:34:09'),
(374, 'Anabelle Dickinson', 'hunter46@example.org', '2024-09-28 02:34:08', '$2y$12$ePTi50DqcrDulxa5GaOnseusuhgGAq9udXQJqhuUOc5isCXysdCiK', 'Cg3FlNlU72', '2024-09-28 02:34:09', '2024-09-28 02:34:09'),
(375, 'Manley Marks', 'hamill.jules@example.net', '2024-09-28 02:34:08', '$2y$12$ePTi50DqcrDulxa5GaOnseusuhgGAq9udXQJqhuUOc5isCXysdCiK', 'WPgGX2ZvAa', '2024-09-28 02:34:09', '2024-09-28 02:34:09'),
(376, 'Albin Lubowitz', 'amarquardt@example.org', '2024-09-28 02:34:08', '$2y$12$ePTi50DqcrDulxa5GaOnseusuhgGAq9udXQJqhuUOc5isCXysdCiK', 'pvYUVYldim', '2024-09-28 02:34:09', '2024-09-28 02:34:09'),
(377, 'Prof. Avis Marvin', 'vernie.weissnat@example.net', '2024-09-28 02:34:08', '$2y$12$ePTi50DqcrDulxa5GaOnseusuhgGAq9udXQJqhuUOc5isCXysdCiK', 'dFSCuvFDg4', '2024-09-28 02:34:09', '2024-09-28 02:34:09'),
(378, 'Dr. Elise Lehner IV', 'colby.gaylord@example.com', '2024-09-28 02:34:08', '$2y$12$ePTi50DqcrDulxa5GaOnseusuhgGAq9udXQJqhuUOc5isCXysdCiK', '2vkJbu3YV9', '2024-09-28 02:34:09', '2024-09-28 02:34:09'),
(379, 'Mr. Lew Wolff I', 'jacobson.ted@example.net', '2024-09-28 02:34:08', '$2y$12$ePTi50DqcrDulxa5GaOnseusuhgGAq9udXQJqhuUOc5isCXysdCiK', 'CCxOYR3aK1', '2024-09-28 02:34:09', '2024-09-28 02:34:09'),
(380, 'Carmen Armstrong', 'pfannerstill.ryan@example.net', '2024-09-28 02:34:08', '$2y$12$ePTi50DqcrDulxa5GaOnseusuhgGAq9udXQJqhuUOc5isCXysdCiK', '3H11S2NrW3', '2024-09-28 02:34:09', '2024-09-28 02:34:09'),
(381, 'Althea McCullough', 'billy78@example.net', '2024-09-28 02:34:08', '$2y$12$ePTi50DqcrDulxa5GaOnseusuhgGAq9udXQJqhuUOc5isCXysdCiK', '8F46eO5P4j', '2024-09-28 02:34:09', '2024-09-28 02:34:09'),
(382, 'Dixie Bogisich', 'elvera.olson@example.com', '2024-09-28 02:34:08', '$2y$12$ePTi50DqcrDulxa5GaOnseusuhgGAq9udXQJqhuUOc5isCXysdCiK', 'Zb4rEtkIUJ', '2024-09-28 02:34:09', '2024-09-28 02:34:09'),
(383, 'Guido Luettgen', 'adeline.kuvalis@example.net', '2024-09-28 02:34:08', '$2y$12$ePTi50DqcrDulxa5GaOnseusuhgGAq9udXQJqhuUOc5isCXysdCiK', '55SVuZhAgt', '2024-09-28 02:34:09', '2024-09-28 02:34:09'),
(384, 'Letha Erdman', 'eileen.kuhlman@example.com', '2024-09-28 02:34:08', '$2y$12$ePTi50DqcrDulxa5GaOnseusuhgGAq9udXQJqhuUOc5isCXysdCiK', 'jxbR8j1sNZ', '2024-09-28 02:34:09', '2024-09-28 02:34:09'),
(385, 'Sage Kassulke', 'roscoe57@example.com', '2024-09-28 02:34:08', '$2y$12$ePTi50DqcrDulxa5GaOnseusuhgGAq9udXQJqhuUOc5isCXysdCiK', 'JUwcX8TtU1', '2024-09-28 02:34:09', '2024-09-28 02:34:09'),
(386, 'Prof. Luisa Tillman II', 'simeon48@example.org', '2024-09-28 02:34:08', '$2y$12$ePTi50DqcrDulxa5GaOnseusuhgGAq9udXQJqhuUOc5isCXysdCiK', 'lKGRKBCwrV', '2024-09-28 02:34:09', '2024-09-28 02:34:09'),
(387, 'Verda Green', 'xschaden@example.net', '2024-09-28 02:34:08', '$2y$12$ePTi50DqcrDulxa5GaOnseusuhgGAq9udXQJqhuUOc5isCXysdCiK', '3mPEMpjUgw', '2024-09-28 02:34:09', '2024-09-28 02:34:09'),
(388, 'Prof. Mathew Turner', 'jasen.bednar@example.net', '2024-09-28 02:34:08', '$2y$12$ePTi50DqcrDulxa5GaOnseusuhgGAq9udXQJqhuUOc5isCXysdCiK', 'uiflKFMLfi', '2024-09-28 02:34:09', '2024-09-28 02:34:09'),
(389, 'Dolores Welch', 'virginia.wiza@example.net', '2024-09-28 02:34:08', '$2y$12$ePTi50DqcrDulxa5GaOnseusuhgGAq9udXQJqhuUOc5isCXysdCiK', 'igSlZnNp48', '2024-09-28 02:34:09', '2024-09-28 02:34:09'),
(390, 'Miss Savanah Corkery I', 'von.preston@example.org', '2024-09-28 02:34:08', '$2y$12$ePTi50DqcrDulxa5GaOnseusuhgGAq9udXQJqhuUOc5isCXysdCiK', 'XWexTGdEO6', '2024-09-28 02:34:09', '2024-09-28 02:34:09'),
(391, 'Bettye Bogisich', 'lonie82@example.com', '2024-09-28 02:34:08', '$2y$12$ePTi50DqcrDulxa5GaOnseusuhgGAq9udXQJqhuUOc5isCXysdCiK', 'QrTYvCV1gM', '2024-09-28 02:34:09', '2024-09-28 02:34:09'),
(392, 'Mr. Milford Douglas IV', 'marcia.satterfield@example.org', '2024-09-28 02:34:08', '$2y$12$ePTi50DqcrDulxa5GaOnseusuhgGAq9udXQJqhuUOc5isCXysdCiK', 'Ok7BUqUqNj', '2024-09-28 02:34:09', '2024-09-28 02:34:09'),
(393, 'Tiana Schinner', 'russel.rebekah@example.net', '2024-09-28 02:34:08', '$2y$12$ePTi50DqcrDulxa5GaOnseusuhgGAq9udXQJqhuUOc5isCXysdCiK', 'z09oeW8pig', '2024-09-28 02:34:09', '2024-09-28 02:34:09'),
(394, 'Velda McGlynn', 'adah.roberts@example.org', '2024-09-28 02:34:08', '$2y$12$ePTi50DqcrDulxa5GaOnseusuhgGAq9udXQJqhuUOc5isCXysdCiK', 'cNHsUdSFbq', '2024-09-28 02:34:09', '2024-09-28 02:34:09'),
(395, 'Carlotta Swift', 'vesta47@example.com', '2024-09-28 02:34:08', '$2y$12$ePTi50DqcrDulxa5GaOnseusuhgGAq9udXQJqhuUOc5isCXysdCiK', 'mHaSSm6mK1', '2024-09-28 02:34:09', '2024-09-28 02:34:09'),
(396, 'Zackary Hahn', 'erna.kreiger@example.org', '2024-09-28 02:34:08', '$2y$12$ePTi50DqcrDulxa5GaOnseusuhgGAq9udXQJqhuUOc5isCXysdCiK', 'mxDu8DrSP9', '2024-09-28 02:34:09', '2024-09-28 02:34:09'),
(397, 'Thomas Kutch', 'gbarrows@example.com', '2024-09-28 02:34:08', '$2y$12$ePTi50DqcrDulxa5GaOnseusuhgGAq9udXQJqhuUOc5isCXysdCiK', 'drh6CwoyM1', '2024-09-28 02:34:09', '2024-09-28 02:34:09'),
(398, 'Prof. Elmira Upton II', 'sunny.kunde@example.com', '2024-09-28 02:34:08', '$2y$12$ePTi50DqcrDulxa5GaOnseusuhgGAq9udXQJqhuUOc5isCXysdCiK', 'o7oNe7L4Gw', '2024-09-28 02:34:09', '2024-09-28 02:34:09'),
(399, 'Destiney Ortiz', 'norwood03@example.net', '2024-09-28 02:34:08', '$2y$12$ePTi50DqcrDulxa5GaOnseusuhgGAq9udXQJqhuUOc5isCXysdCiK', 'iQNwk8myXz', '2024-09-28 02:34:09', '2024-09-28 02:34:09'),
(400, 'Harrison Mante', 'lavina33@example.org', '2024-09-28 02:34:08', '$2y$12$ePTi50DqcrDulxa5GaOnseusuhgGAq9udXQJqhuUOc5isCXysdCiK', 'sDsmZOwzRD', '2024-09-28 02:34:09', '2024-09-28 02:34:09'),
(401, 'Susan Swift', 'pkuhlman@example.org', '2024-09-28 02:34:08', '$2y$12$ePTi50DqcrDulxa5GaOnseusuhgGAq9udXQJqhuUOc5isCXysdCiK', 'gmQ34P4nP2', '2024-09-28 02:34:09', '2024-09-28 02:34:09'),
(402, 'Corine Sawayn II', 'udach@example.org', '2024-09-28 02:34:08', '$2y$12$ePTi50DqcrDulxa5GaOnseusuhgGAq9udXQJqhuUOc5isCXysdCiK', 'YaRpeyKiq2', '2024-09-28 02:34:09', '2024-09-28 02:34:09'),
(403, 'Rocky Walsh', 'tlind@example.org', '2024-09-28 02:34:08', '$2y$12$ePTi50DqcrDulxa5GaOnseusuhgGAq9udXQJqhuUOc5isCXysdCiK', 'ZQPplylNGN', '2024-09-28 02:34:09', '2024-09-28 02:34:09'),
(404, 'Mrs. Katherine Harris Jr.', 'katrina.cruickshank@example.org', '2024-09-28 02:34:08', '$2y$12$ePTi50DqcrDulxa5GaOnseusuhgGAq9udXQJqhuUOc5isCXysdCiK', 'r50zchpYC4', '2024-09-28 02:34:09', '2024-09-28 02:34:09'),
(405, 'Alisha Gorczany', 'maida62@example.org', '2024-09-28 02:34:08', '$2y$12$ePTi50DqcrDulxa5GaOnseusuhgGAq9udXQJqhuUOc5isCXysdCiK', 'njV5HwYXpT', '2024-09-28 02:34:09', '2024-09-28 02:34:09'),
(406, 'Olin Keebler', 'raleigh.ullrich@example.com', '2024-09-28 02:34:08', '$2y$12$ePTi50DqcrDulxa5GaOnseusuhgGAq9udXQJqhuUOc5isCXysdCiK', 'LAqyc9Jhzu', '2024-09-28 02:34:09', '2024-09-28 02:34:09'),
(407, 'Terrell Pollich III', 'jherman@example.net', '2024-09-28 02:34:08', '$2y$12$ePTi50DqcrDulxa5GaOnseusuhgGAq9udXQJqhuUOc5isCXysdCiK', 'i3cZJ0epGH', '2024-09-28 02:34:09', '2024-09-28 02:34:09'),
(408, 'Arnaldo Gleichner DVM', 'brooke.botsford@example.net', '2024-09-28 02:34:08', '$2y$12$ePTi50DqcrDulxa5GaOnseusuhgGAq9udXQJqhuUOc5isCXysdCiK', 'TnxBJF53MV', '2024-09-28 02:34:09', '2024-09-28 02:34:09'),
(409, 'Myron Borer', 'feil.orville@example.net', '2024-09-28 02:34:08', '$2y$12$ePTi50DqcrDulxa5GaOnseusuhgGAq9udXQJqhuUOc5isCXysdCiK', 'xTOPZZNps9', '2024-09-28 02:34:09', '2024-09-28 02:34:09'),
(410, 'Alfonzo Hartmann PhD', 'tremblay.flavie@example.net', '2024-09-28 02:34:08', '$2y$12$ePTi50DqcrDulxa5GaOnseusuhgGAq9udXQJqhuUOc5isCXysdCiK', 'ZuTQc1hW3z', '2024-09-28 02:34:09', '2024-09-28 02:34:09'),
(411, 'Mr. Raymundo Streich', 'nkris@example.com', '2024-09-28 02:34:08', '$2y$12$ePTi50DqcrDulxa5GaOnseusuhgGAq9udXQJqhuUOc5isCXysdCiK', 'nZKMH9ckJE', '2024-09-28 02:34:09', '2024-09-28 02:34:09'),
(412, 'Janie Tillman', 'emily22@example.com', '2024-09-28 02:34:08', '$2y$12$ePTi50DqcrDulxa5GaOnseusuhgGAq9udXQJqhuUOc5isCXysdCiK', 'Ej5cbpzDtz', '2024-09-28 02:34:09', '2024-09-28 02:34:09'),
(413, 'Mrs. Bonnie Baumbach DVM', 'braun.dino@example.org', '2024-09-28 02:34:08', '$2y$12$ePTi50DqcrDulxa5GaOnseusuhgGAq9udXQJqhuUOc5isCXysdCiK', 'V6adXMcVkk', '2024-09-28 02:34:09', '2024-09-28 02:34:09'),
(414, 'Prof. Joelle Feest', 'junior62@example.com', '2024-09-28 02:34:08', '$2y$12$ePTi50DqcrDulxa5GaOnseusuhgGAq9udXQJqhuUOc5isCXysdCiK', 'jBoFeZBiTK', '2024-09-28 02:34:09', '2024-09-28 02:34:09'),
(415, 'Meggie Runolfsson', 'camren08@example.org', '2024-09-28 02:34:08', '$2y$12$ePTi50DqcrDulxa5GaOnseusuhgGAq9udXQJqhuUOc5isCXysdCiK', '7qecaLhLIO', '2024-09-28 02:34:09', '2024-09-28 02:34:09'),
(416, 'Mr. Hayley Robel', 'magdalen.johnston@example.com', '2024-09-28 02:34:08', '$2y$12$ePTi50DqcrDulxa5GaOnseusuhgGAq9udXQJqhuUOc5isCXysdCiK', 'pjL4mbP3qu', '2024-09-28 02:34:09', '2024-09-28 02:34:09'),
(417, 'Pascale Koss', 'ecollins@example.com', '2024-09-28 02:34:08', '$2y$12$ePTi50DqcrDulxa5GaOnseusuhgGAq9udXQJqhuUOc5isCXysdCiK', 'mgLPw2vAjw', '2024-09-28 02:34:09', '2024-09-28 02:34:09'),
(418, 'Dr. Moises Koepp III', 'jefferey25@example.org', '2024-09-28 02:34:08', '$2y$12$ePTi50DqcrDulxa5GaOnseusuhgGAq9udXQJqhuUOc5isCXysdCiK', 'UKXm2nDnjI', '2024-09-28 02:34:09', '2024-09-28 02:34:09'),
(419, 'Lauretta Kerluke IV', 'macejkovic.leif@example.org', '2024-09-28 02:34:08', '$2y$12$ePTi50DqcrDulxa5GaOnseusuhgGAq9udXQJqhuUOc5isCXysdCiK', 'g5bxQgi9Do', '2024-09-28 02:34:09', '2024-09-28 02:34:09'),
(420, 'Marielle Erdman', 'csimonis@example.org', '2024-09-28 02:34:08', '$2y$12$ePTi50DqcrDulxa5GaOnseusuhgGAq9udXQJqhuUOc5isCXysdCiK', 'r33QMgKMOH', '2024-09-28 02:34:09', '2024-09-28 02:34:09'),
(421, 'Kari Robel', 'stanton80@example.org', '2024-09-28 02:34:08', '$2y$12$ePTi50DqcrDulxa5GaOnseusuhgGAq9udXQJqhuUOc5isCXysdCiK', 'aGsFJotdrd', '2024-09-28 02:34:09', '2024-09-28 02:34:09'),
(422, 'Aidan Kunde', 'molly.jast@example.net', '2024-09-28 02:34:08', '$2y$12$ePTi50DqcrDulxa5GaOnseusuhgGAq9udXQJqhuUOc5isCXysdCiK', 'hiBBN75cB4', '2024-09-28 02:34:09', '2024-09-28 02:34:09'),
(423, 'Kraig Johns', 'burdette26@example.com', '2024-09-28 02:34:08', '$2y$12$ePTi50DqcrDulxa5GaOnseusuhgGAq9udXQJqhuUOc5isCXysdCiK', '4cQXI32rwD', '2024-09-28 02:34:09', '2024-09-28 02:34:09'),
(424, 'Bertrand Abbott V', 'grayson.hayes@example.net', '2024-09-28 02:34:08', '$2y$12$ePTi50DqcrDulxa5GaOnseusuhgGAq9udXQJqhuUOc5isCXysdCiK', 'Ri6d69dWWm', '2024-09-28 02:34:09', '2024-09-28 02:34:09'),
(425, 'Camylle Schimmel', 'ryleigh.schumm@example.com', '2024-09-28 02:34:08', '$2y$12$ePTi50DqcrDulxa5GaOnseusuhgGAq9udXQJqhuUOc5isCXysdCiK', 'MUROjMoDba', '2024-09-28 02:34:09', '2024-09-28 02:34:09'),
(426, 'Devin Mitchell', 'oma.wyman@example.org', '2024-09-28 02:34:08', '$2y$12$ePTi50DqcrDulxa5GaOnseusuhgGAq9udXQJqhuUOc5isCXysdCiK', 'bD6KpOydmS', '2024-09-28 02:34:09', '2024-09-28 02:34:09'),
(427, 'Vincenza Greenholt II', 'cheidenreich@example.net', '2024-09-28 02:34:08', '$2y$12$ePTi50DqcrDulxa5GaOnseusuhgGAq9udXQJqhuUOc5isCXysdCiK', 'JqIK4rOxrj', '2024-09-28 02:34:09', '2024-09-28 02:34:09'),
(428, 'Thurman Erdman', 'fmclaughlin@example.net', '2024-09-28 02:34:08', '$2y$12$ePTi50DqcrDulxa5GaOnseusuhgGAq9udXQJqhuUOc5isCXysdCiK', 'ysS5Zk4gGl', '2024-09-28 02:34:09', '2024-09-28 02:34:09'),
(429, 'Elvera Halvorson', 'ebba42@example.com', '2024-09-28 02:34:08', '$2y$12$ePTi50DqcrDulxa5GaOnseusuhgGAq9udXQJqhuUOc5isCXysdCiK', 'alWm6qisjM', '2024-09-28 02:34:09', '2024-09-28 02:34:09'),
(430, 'Rosemary Grimes', 'shanahan.edwina@example.org', '2024-09-28 02:34:08', '$2y$12$ePTi50DqcrDulxa5GaOnseusuhgGAq9udXQJqhuUOc5isCXysdCiK', 'zDD93nwpxJ', '2024-09-28 02:34:09', '2024-09-28 02:34:09'),
(431, 'Prof. Curtis Bogisich', 'bogisich.theodora@example.org', '2024-09-28 02:34:08', '$2y$12$ePTi50DqcrDulxa5GaOnseusuhgGAq9udXQJqhuUOc5isCXysdCiK', 'K9lNI8hTJd', '2024-09-28 02:34:09', '2024-09-28 02:34:09'),
(432, 'Sean Casper', 'weissnat.terrill@example.com', '2024-09-28 02:34:08', '$2y$12$ePTi50DqcrDulxa5GaOnseusuhgGAq9udXQJqhuUOc5isCXysdCiK', 'icuSTspStR', '2024-09-28 02:34:09', '2024-09-28 02:34:09'),
(433, 'Dax Robel', 'verla29@example.org', '2024-09-28 02:34:08', '$2y$12$ePTi50DqcrDulxa5GaOnseusuhgGAq9udXQJqhuUOc5isCXysdCiK', 'HiRwmvRDcE', '2024-09-28 02:34:09', '2024-09-28 02:34:09'),
(434, 'Nyah Ratke', 'lemke.lionel@example.org', '2024-09-28 02:34:08', '$2y$12$ePTi50DqcrDulxa5GaOnseusuhgGAq9udXQJqhuUOc5isCXysdCiK', 'WgDJTkoJ9X', '2024-09-28 02:34:09', '2024-09-28 02:34:09'),
(435, 'Jerald Blanda', 'mayer.imani@example.com', '2024-09-28 02:34:08', '$2y$12$ePTi50DqcrDulxa5GaOnseusuhgGAq9udXQJqhuUOc5isCXysdCiK', 'poNufuONXD', '2024-09-28 02:34:09', '2024-09-28 02:34:09'),
(436, 'Vaughn Bruen I', 'kpagac@example.org', '2024-09-28 02:34:08', '$2y$12$ePTi50DqcrDulxa5GaOnseusuhgGAq9udXQJqhuUOc5isCXysdCiK', 'L9ICxAMIQC', '2024-09-28 02:34:09', '2024-09-28 02:34:09'),
(437, 'Aaliyah Kautzer Sr.', 'ifunk@example.org', '2024-09-28 02:34:08', '$2y$12$ePTi50DqcrDulxa5GaOnseusuhgGAq9udXQJqhuUOc5isCXysdCiK', 'xYKG7LOD08', '2024-09-28 02:34:09', '2024-09-28 02:34:09'),
(438, 'Mr. Miguel O\'Connell PhD', 'pearline84@example.net', '2024-09-28 02:34:08', '$2y$12$ePTi50DqcrDulxa5GaOnseusuhgGAq9udXQJqhuUOc5isCXysdCiK', 'Me0RSCw47F', '2024-09-28 02:34:09', '2024-09-28 02:34:09'),
(439, 'Helga Ankunding', 'ahmed59@example.com', '2024-09-28 02:34:08', '$2y$12$ePTi50DqcrDulxa5GaOnseusuhgGAq9udXQJqhuUOc5isCXysdCiK', 'Nt87ueSIFv', '2024-09-28 02:34:09', '2024-09-28 02:34:09'),
(440, 'Gilberto Jast', 'dashawn.wolf@example.net', '2024-09-28 02:34:08', '$2y$12$ePTi50DqcrDulxa5GaOnseusuhgGAq9udXQJqhuUOc5isCXysdCiK', 'RNxewIlEVN', '2024-09-28 02:34:09', '2024-09-28 02:34:09'),
(441, 'Elise Conn', 'vella40@example.net', '2024-09-28 02:34:08', '$2y$12$ePTi50DqcrDulxa5GaOnseusuhgGAq9udXQJqhuUOc5isCXysdCiK', '4ttgJGaOV7', '2024-09-28 02:34:09', '2024-09-28 02:34:09'),
(442, 'Mrs. Sandrine Lind DVM', 'hayes.caleigh@example.net', '2024-09-28 02:34:08', '$2y$12$ePTi50DqcrDulxa5GaOnseusuhgGAq9udXQJqhuUOc5isCXysdCiK', 'XdZ5Sut37T', '2024-09-28 02:34:09', '2024-09-28 02:34:09'),
(443, 'Corbin Waters', 'zechariah.dickens@example.net', '2024-09-28 02:34:08', '$2y$12$ePTi50DqcrDulxa5GaOnseusuhgGAq9udXQJqhuUOc5isCXysdCiK', 'HwcZeRGGuZ', '2024-09-28 02:34:09', '2024-09-28 02:34:09'),
(444, 'Tracey Kutch', 'leif28@example.org', '2024-09-28 02:34:08', '$2y$12$ePTi50DqcrDulxa5GaOnseusuhgGAq9udXQJqhuUOc5isCXysdCiK', 'ijhzVsFhyP', '2024-09-28 02:34:09', '2024-09-28 02:34:09'),
(445, 'Mireya Flatley DVM', 'kmann@example.com', '2024-09-28 02:34:08', '$2y$12$ePTi50DqcrDulxa5GaOnseusuhgGAq9udXQJqhuUOc5isCXysdCiK', 'JUiVUGbaz7', '2024-09-28 02:34:09', '2024-09-28 02:34:09'),
(446, 'Prof. Geo Kulas', 'okon.nikolas@example.net', '2024-09-28 02:34:08', '$2y$12$ePTi50DqcrDulxa5GaOnseusuhgGAq9udXQJqhuUOc5isCXysdCiK', 'EFIrshEPUG', '2024-09-28 02:34:09', '2024-09-28 02:34:09'),
(447, 'Miss Mary Hessel IV', 'marjory16@example.com', '2024-09-28 02:34:08', '$2y$12$ePTi50DqcrDulxa5GaOnseusuhgGAq9udXQJqhuUOc5isCXysdCiK', 'Ta6GZffeYZ', '2024-09-28 02:34:09', '2024-09-28 02:34:09'),
(448, 'Prof. Robert Franecki', 'djones@example.com', '2024-09-28 02:34:08', '$2y$12$ePTi50DqcrDulxa5GaOnseusuhgGAq9udXQJqhuUOc5isCXysdCiK', 'oCtI69JF8X', '2024-09-28 02:34:09', '2024-09-28 02:34:09'),
(449, 'Rosemary Purdy Sr.', 'lillie76@example.net', '2024-09-28 02:34:08', '$2y$12$ePTi50DqcrDulxa5GaOnseusuhgGAq9udXQJqhuUOc5isCXysdCiK', 'oJbTQ57Lp8', '2024-09-28 02:34:09', '2024-09-28 02:34:09'),
(450, 'Miss Adelia Greenfelder', 'aracely46@example.com', '2024-09-28 02:34:08', '$2y$12$ePTi50DqcrDulxa5GaOnseusuhgGAq9udXQJqhuUOc5isCXysdCiK', 'bdnAOwI8Hj', '2024-09-28 02:34:09', '2024-09-28 02:34:09'),
(451, 'Deshawn Morissette', 'lbarton@example.org', '2024-09-28 02:34:08', '$2y$12$ePTi50DqcrDulxa5GaOnseusuhgGAq9udXQJqhuUOc5isCXysdCiK', '8bULExCun5', '2024-09-28 02:34:09', '2024-09-28 02:34:09'),
(452, 'Daija Champlin', 'qgleichner@example.com', '2024-09-28 02:34:08', '$2y$12$ePTi50DqcrDulxa5GaOnseusuhgGAq9udXQJqhuUOc5isCXysdCiK', '1O0m1zCoKj', '2024-09-28 02:34:09', '2024-09-28 02:34:09'),
(453, 'Tracey Moen', 'einar29@example.com', '2024-09-28 02:34:08', '$2y$12$ePTi50DqcrDulxa5GaOnseusuhgGAq9udXQJqhuUOc5isCXysdCiK', 'c85bmT6zjS', '2024-09-28 02:34:09', '2024-09-28 02:34:09'),
(454, 'Jerel Williamson', 'aleen.conroy@example.com', '2024-09-28 02:34:08', '$2y$12$ePTi50DqcrDulxa5GaOnseusuhgGAq9udXQJqhuUOc5isCXysdCiK', 'PkwGe4ELZ2', '2024-09-28 02:34:09', '2024-09-28 02:34:09'),
(455, 'Corine Wisoky', 'crooks.cristina@example.net', '2024-09-28 02:34:08', '$2y$12$ePTi50DqcrDulxa5GaOnseusuhgGAq9udXQJqhuUOc5isCXysdCiK', '5BrjGroPJW', '2024-09-28 02:34:09', '2024-09-28 02:34:09'),
(456, 'Wilfrid Hammes', 'devin93@example.org', '2024-09-28 02:34:08', '$2y$12$ePTi50DqcrDulxa5GaOnseusuhgGAq9udXQJqhuUOc5isCXysdCiK', 'x9NH0DRmJd', '2024-09-28 02:34:09', '2024-09-28 02:34:09'),
(457, 'Dandre Treutel', 'dominique05@example.net', '2024-09-28 02:34:08', '$2y$12$ePTi50DqcrDulxa5GaOnseusuhgGAq9udXQJqhuUOc5isCXysdCiK', 'bRyrDLjTRS', '2024-09-28 02:34:09', '2024-09-28 02:34:09'),
(458, 'Dr. Connie Smith Sr.', 'demetrius.conroy@example.com', '2024-09-28 02:34:08', '$2y$12$ePTi50DqcrDulxa5GaOnseusuhgGAq9udXQJqhuUOc5isCXysdCiK', 'NOzbGQvXfr', '2024-09-28 02:34:09', '2024-09-28 02:34:09'),
(459, 'Ramona Thompson', 'rodrick.schimmel@example.com', '2024-09-28 02:34:08', '$2y$12$ePTi50DqcrDulxa5GaOnseusuhgGAq9udXQJqhuUOc5isCXysdCiK', 'KOv9LmOfkD', '2024-09-28 02:34:09', '2024-09-28 02:34:09'),
(460, 'Jakayla Hessel', 'batz.marco@example.org', '2024-09-28 02:34:08', '$2y$12$ePTi50DqcrDulxa5GaOnseusuhgGAq9udXQJqhuUOc5isCXysdCiK', 'aFY9psXkHL', '2024-09-28 02:34:09', '2024-09-28 02:34:09'),
(461, 'Maxwell Morar MD', 'xluettgen@example.com', '2024-09-28 02:34:08', '$2y$12$ePTi50DqcrDulxa5GaOnseusuhgGAq9udXQJqhuUOc5isCXysdCiK', 'fpsLy6O9Bd', '2024-09-28 02:34:09', '2024-09-28 02:34:09'),
(462, 'Thora Ankunding', 'brittany.reichel@example.net', '2024-09-28 02:34:08', '$2y$12$ePTi50DqcrDulxa5GaOnseusuhgGAq9udXQJqhuUOc5isCXysdCiK', 'xfPBQ3EpVL', '2024-09-28 02:34:09', '2024-09-28 02:34:09'),
(501, 'Reuben O\'Hara Jr.', 'rempel.morgan@example.org', '2024-09-28 02:34:08', '$2y$12$ePTi50DqcrDulxa5GaOnseusuhgGAq9udXQJqhuUOc5isCXysdCiK', 'rqJCYuMgyl', '2024-09-28 02:34:09', '2024-09-28 02:34:09'),
(502, 'Juana Rempel II', 'tara.moen@example.org', '2024-09-28 02:34:08', '$2y$12$ePTi50DqcrDulxa5GaOnseusuhgGAq9udXQJqhuUOc5isCXysdCiK', 'k7KhHJ1fSG', '2024-09-28 02:34:09', '2024-09-28 02:34:09'),
(503, 'Wilburn Willms', 'daphney.baumbach@example.com', '2024-09-28 02:34:08', '$2y$12$ePTi50DqcrDulxa5GaOnseusuhgGAq9udXQJqhuUOc5isCXysdCiK', 'JJ062PzBxE', '2024-09-28 02:34:09', '2024-09-28 02:34:09'),
(504, 'Lexi Bartoletti', 'mckenna.botsford@example.net', '2024-09-28 02:34:08', '$2y$12$ePTi50DqcrDulxa5GaOnseusuhgGAq9udXQJqhuUOc5isCXysdCiK', 'QfRbx4s0ui', '2024-09-28 02:34:09', '2024-09-28 02:34:09'),
(505, 'Dena Bashirian IV', 'valentina.bartoletti@example.com', '2024-09-28 02:34:08', '$2y$12$ePTi50DqcrDulxa5GaOnseusuhgGAq9udXQJqhuUOc5isCXysdCiK', 'cweRXd52Od', '2024-09-28 02:34:09', '2024-09-28 02:34:09'),
(506, 'Helmer Kreiger', 'gaylord.gaylord@example.org', '2024-09-28 02:34:08', '$2y$12$ePTi50DqcrDulxa5GaOnseusuhgGAq9udXQJqhuUOc5isCXysdCiK', 'fsDo2JSlZn', '2024-09-28 02:34:09', '2024-09-28 02:34:09'),
(507, 'Ettie Greenfelder', 'dnader@example.org', '2024-09-28 02:34:08', '$2y$12$ePTi50DqcrDulxa5GaOnseusuhgGAq9udXQJqhuUOc5isCXysdCiK', 'dBi0IPoUTr', '2024-09-28 02:34:09', '2024-09-28 02:34:09'),
(508, 'Ms. Maud Oberbrunner', 'pziemann@example.org', '2024-09-28 02:34:08', '$2y$12$ePTi50DqcrDulxa5GaOnseusuhgGAq9udXQJqhuUOc5isCXysdCiK', 'bz4IMTv88F', '2024-09-28 02:34:09', '2024-09-28 02:34:09'),
(509, 'Guy Moore', 'abogisich@example.com', '2024-09-28 02:34:08', '$2y$12$ePTi50DqcrDulxa5GaOnseusuhgGAq9udXQJqhuUOc5isCXysdCiK', 'ZISZqmGFEu', '2024-09-28 02:34:09', '2024-09-28 02:34:09'),
(510, 'Ms. Stella Tillman I', 'davion58@example.net', '2024-09-28 02:34:08', '$2y$12$ePTi50DqcrDulxa5GaOnseusuhgGAq9udXQJqhuUOc5isCXysdCiK', 'WWA1BgHcYn', '2024-09-28 02:34:09', '2024-09-28 02:34:09'),
(511, 'Vanessa Braun', 'zetta.brown@example.org', '2024-09-28 02:34:08', '$2y$12$ePTi50DqcrDulxa5GaOnseusuhgGAq9udXQJqhuUOc5isCXysdCiK', 'j2HwJJl2bA', '2024-09-28 02:34:09', '2024-09-28 02:34:09'),
(512, 'Harry Hahn', 'martine49@example.com', '2024-09-28 02:34:08', '$2y$12$ePTi50DqcrDulxa5GaOnseusuhgGAq9udXQJqhuUOc5isCXysdCiK', 'vBPYZ1mLwU', '2024-09-28 02:34:09', '2024-09-28 02:34:09'),
(513, 'Miss Vena Stanton', 'schoen.breana@example.net', '2024-09-28 02:34:08', '$2y$12$ePTi50DqcrDulxa5GaOnseusuhgGAq9udXQJqhuUOc5isCXysdCiK', '0xjQSOMZnQ', '2024-09-28 02:34:09', '2024-09-28 02:34:09'),
(514, 'Arlene Nicolas III', 'zmckenzie@example.org', '2024-09-28 02:34:08', '$2y$12$ePTi50DqcrDulxa5GaOnseusuhgGAq9udXQJqhuUOc5isCXysdCiK', 'UXS1FQp6BR', '2024-09-28 02:34:09', '2024-09-28 02:34:09'),
(515, 'Kennith Smith', 'deckow.nina@example.com', '2024-09-28 02:34:08', '$2y$12$ePTi50DqcrDulxa5GaOnseusuhgGAq9udXQJqhuUOc5isCXysdCiK', 'MILw6WlQha', '2024-09-28 02:34:09', '2024-09-28 02:34:09'),
(516, 'Mrs. Rachel O\'Kon I', 'crystel.lowe@example.org', '2024-09-28 02:34:08', '$2y$12$ePTi50DqcrDulxa5GaOnseusuhgGAq9udXQJqhuUOc5isCXysdCiK', '1H1btxHQ3B', '2024-09-28 02:34:09', '2024-09-28 02:34:09'),
(517, 'Kelly Schimmel', 'vbartell@example.com', '2024-09-28 02:34:08', '$2y$12$ePTi50DqcrDulxa5GaOnseusuhgGAq9udXQJqhuUOc5isCXysdCiK', 'ENpGe0GvpE', '2024-09-28 02:34:09', '2024-09-28 02:34:09'),
(518, 'Ms. Tina Moore MD', 'hayden56@example.org', '2024-09-28 02:34:08', '$2y$12$ePTi50DqcrDulxa5GaOnseusuhgGAq9udXQJqhuUOc5isCXysdCiK', '8qcfvbbuyV', '2024-09-28 02:34:09', '2024-09-28 02:34:09'),
(519, 'Clemens Glover', 'cassandre.runolfsdottir@example.net', '2024-09-28 02:34:08', '$2y$12$ePTi50DqcrDulxa5GaOnseusuhgGAq9udXQJqhuUOc5isCXysdCiK', 'v1Nnuz3aQa', '2024-09-28 02:34:09', '2024-09-28 02:34:09'),
(520, 'Mr. Diego Keebler', 'runolfsdottir.meagan@example.net', '2024-09-28 02:34:08', '$2y$12$ePTi50DqcrDulxa5GaOnseusuhgGAq9udXQJqhuUOc5isCXysdCiK', 'THAjdpBpza', '2024-09-28 02:34:09', '2024-09-28 02:34:09'),
(521, 'Amani Stroman', 'eschinner@example.net', '2024-09-28 02:34:08', '$2y$12$ePTi50DqcrDulxa5GaOnseusuhgGAq9udXQJqhuUOc5isCXysdCiK', '1BOUpCiTWE', '2024-09-28 02:34:09', '2024-09-28 02:34:09'),
(522, 'Corene Funk', 'braden25@example.com', '2024-09-28 02:34:08', '$2y$12$ePTi50DqcrDulxa5GaOnseusuhgGAq9udXQJqhuUOc5isCXysdCiK', 'QPlsBTMFzg', '2024-09-28 02:34:09', '2024-09-28 02:34:09'),
(523, 'Henderson Considine MD', 'gilda95@example.net', '2024-09-28 02:34:08', '$2y$12$ePTi50DqcrDulxa5GaOnseusuhgGAq9udXQJqhuUOc5isCXysdCiK', 'BlTXKk4J8z', '2024-09-28 02:34:09', '2024-09-28 02:34:09'),
(524, 'Everette Kuhic III', 'favian12@example.net', '2024-09-28 02:34:08', '$2y$12$ePTi50DqcrDulxa5GaOnseusuhgGAq9udXQJqhuUOc5isCXysdCiK', '5OeC3VEbF2', '2024-09-28 02:34:09', '2024-09-28 02:34:09'),
(525, 'Mr. Rex Dach', 'general.harvey@example.org', '2024-09-28 02:34:08', '$2y$12$ePTi50DqcrDulxa5GaOnseusuhgGAq9udXQJqhuUOc5isCXysdCiK', 'iDYSLyYZkF', '2024-09-28 02:34:09', '2024-09-28 02:34:09'),
(526, 'Lorenza Goodwin', 'nberge@example.net', '2024-09-28 02:34:08', '$2y$12$ePTi50DqcrDulxa5GaOnseusuhgGAq9udXQJqhuUOc5isCXysdCiK', 'zUIhXMJnkW', '2024-09-28 02:34:09', '2024-09-28 02:34:09'),
(527, 'Rowan Haag', 'klein.easter@example.org', '2024-09-28 02:34:08', '$2y$12$ePTi50DqcrDulxa5GaOnseusuhgGAq9udXQJqhuUOc5isCXysdCiK', 'kQTVPz1hPr', '2024-09-28 02:34:09', '2024-09-28 02:34:09'),
(528, 'Freida Hegmann', 'brock.durgan@example.net', '2024-09-28 02:34:08', '$2y$12$ePTi50DqcrDulxa5GaOnseusuhgGAq9udXQJqhuUOc5isCXysdCiK', 'FW9eoutvuP', '2024-09-28 02:34:09', '2024-09-28 02:34:09'),
(529, 'Dr. Oswaldo Rosenbaum MD', 'lafayette.langosh@example.net', '2024-09-28 02:34:08', '$2y$12$ePTi50DqcrDulxa5GaOnseusuhgGAq9udXQJqhuUOc5isCXysdCiK', 'ilNamIP3QU', '2024-09-28 02:34:09', '2024-09-28 02:34:09'),
(530, 'Fannie Nicolas', 'vsporer@example.net', '2024-09-28 02:34:08', '$2y$12$ePTi50DqcrDulxa5GaOnseusuhgGAq9udXQJqhuUOc5isCXysdCiK', 'ro62Mk84M5', '2024-09-28 02:34:09', '2024-09-28 02:34:09'),
(531, 'Mr. Larry Quitzon II', 'lokeefe@example.com', '2024-09-28 02:34:08', '$2y$12$ePTi50DqcrDulxa5GaOnseusuhgGAq9udXQJqhuUOc5isCXysdCiK', 'oLP3mJ3iWq', '2024-09-28 02:34:09', '2024-09-28 02:34:09'),
(532, 'Dr. Avis Stehr IV', 'goyette.jeanne@example.com', '2024-09-28 02:34:08', '$2y$12$ePTi50DqcrDulxa5GaOnseusuhgGAq9udXQJqhuUOc5isCXysdCiK', 'v9j8ZmH6rn', '2024-09-28 02:34:09', '2024-09-28 02:34:09'),
(533, 'Rowena Wuckert MD', 'ydibbert@example.com', '2024-09-28 02:34:08', '$2y$12$ePTi50DqcrDulxa5GaOnseusuhgGAq9udXQJqhuUOc5isCXysdCiK', 'FrWvG6VeXH', '2024-09-28 02:34:09', '2024-09-28 02:34:09'),
(534, 'Mable Rau III', 'mante.dedrick@example.org', '2024-09-28 02:34:08', '$2y$12$ePTi50DqcrDulxa5GaOnseusuhgGAq9udXQJqhuUOc5isCXysdCiK', 'swoiVk44HR', '2024-09-28 02:34:09', '2024-09-28 02:34:09'),
(535, 'Ms. Joy Walker', 'marisol70@example.org', '2024-09-28 02:34:08', '$2y$12$ePTi50DqcrDulxa5GaOnseusuhgGAq9udXQJqhuUOc5isCXysdCiK', 'G8KR1UcEit', '2024-09-28 02:34:09', '2024-09-28 02:34:09'),
(536, 'Maryse Green', 'hollis.tremblay@example.com', '2024-09-28 02:34:08', '$2y$12$ePTi50DqcrDulxa5GaOnseusuhgGAq9udXQJqhuUOc5isCXysdCiK', 'aGGYnpx0V4', '2024-09-28 02:34:09', '2024-09-28 02:34:09'),
(537, 'Dr. Nyah Marquardt III', 'ethan.zboncak@example.net', '2024-09-28 02:34:08', '$2y$12$ePTi50DqcrDulxa5GaOnseusuhgGAq9udXQJqhuUOc5isCXysdCiK', 'JJP1Xzq3Ob', '2024-09-28 02:34:09', '2024-09-28 02:34:09'),
(538, 'Ms. Yolanda Littel', 'mallory23@example.org', '2024-09-28 02:34:08', '$2y$12$ePTi50DqcrDulxa5GaOnseusuhgGAq9udXQJqhuUOc5isCXysdCiK', 'mH7e3yl7yZ', '2024-09-28 02:34:09', '2024-09-28 02:34:09'),
(1001, 'Nguyen Son Tung', 'tungteng258@gmail.com', NULL, '$2y$12$e7qv/xekHHDNzTNA2zX1BONCC9JME4PnPlLLeCSfhglWveFZ9K0ki', NULL, '2024-10-07 02:42:40', '2024-10-07 02:42:40');

--
-- Indexes for dumped tables
--

--
-- Indexes for table `category_posts`
--
ALTER TABLE `category_posts`
  ADD PRIMARY KEY (`id`);

--
-- Indexes for table `customers`
--
ALTER TABLE `customers`
  ADD PRIMARY KEY (`id`),
  ADD UNIQUE KEY `customers_phone_unique` (`phone`);

--
-- Indexes for table `employees`
--
ALTER TABLE `employees`
  ADD PRIMARY KEY (`id`),
  ADD UNIQUE KEY `employees_email_unique` (`email`);

--
-- Indexes for table `failed_jobs`
--
ALTER TABLE `failed_jobs`
  ADD PRIMARY KEY (`id`),
  ADD UNIQUE KEY `failed_jobs_uuid_unique` (`uuid`);

--
-- Indexes for table `migrations`
--
ALTER TABLE `migrations`
  ADD PRIMARY KEY (`id`);

--
-- Indexes for table `password_reset_tokens`
--
ALTER TABLE `password_reset_tokens`
  ADD PRIMARY KEY (`email`);

--
-- Indexes for table `personal_access_tokens`
--
ALTER TABLE `personal_access_tokens`
  ADD PRIMARY KEY (`id`),
  ADD UNIQUE KEY `personal_access_tokens_token_unique` (`token`),
  ADD KEY `personal_access_tokens_tokenable_type_tokenable_id_index` (`tokenable_type`,`tokenable_id`);

--
-- Indexes for table `posts`
--
ALTER TABLE `posts`
  ADD PRIMARY KEY (`id`),
  ADD KEY `posts_category_id_foreign` (`category_id`);

--
-- Indexes for table `users`
--
ALTER TABLE `users`
  ADD PRIMARY KEY (`id`),
  ADD UNIQUE KEY `users_email_unique` (`email`);

--
-- AUTO_INCREMENT for dumped tables
--

--
-- AUTO_INCREMENT for table `category_posts`
--
ALTER TABLE `category_posts`
  MODIFY `id` bigint UNSIGNED NOT NULL AUTO_INCREMENT, AUTO_INCREMENT=6;

--
-- AUTO_INCREMENT for table `customers`
--
ALTER TABLE `customers`
  MODIFY `id` bigint UNSIGNED NOT NULL AUTO_INCREMENT, AUTO_INCREMENT=105;

--
-- AUTO_INCREMENT for table `employees`
--
ALTER TABLE `employees`
  MODIFY `id` bigint UNSIGNED NOT NULL AUTO_INCREMENT;

--
-- AUTO_INCREMENT for table `failed_jobs`
--
ALTER TABLE `failed_jobs`
  MODIFY `id` bigint UNSIGNED NOT NULL AUTO_INCREMENT;

--
-- AUTO_INCREMENT for table `migrations`
--
ALTER TABLE `migrations`
  MODIFY `id` int UNSIGNED NOT NULL AUTO_INCREMENT, AUTO_INCREMENT=40;

--
-- AUTO_INCREMENT for table `personal_access_tokens`
--
ALTER TABLE `personal_access_tokens`
  MODIFY `id` bigint UNSIGNED NOT NULL AUTO_INCREMENT;

--
-- AUTO_INCREMENT for table `posts`
--
ALTER TABLE `posts`
  MODIFY `id` bigint UNSIGNED NOT NULL AUTO_INCREMENT, AUTO_INCREMENT=88;

--
-- AUTO_INCREMENT for table `users`
--
ALTER TABLE `users`
  MODIFY `id` bigint UNSIGNED NOT NULL AUTO_INCREMENT, AUTO_INCREMENT=1002;

--
-- Constraints for dumped tables
--

--
-- Constraints for table `posts`
--
ALTER TABLE `posts`
  ADD CONSTRAINT `posts_category_id_foreign` FOREIGN KEY (`category_id`) REFERENCES `category_posts` (`id`) ON DELETE CASCADE;
COMMIT;

/*!40101 SET CHARACTER_SET_CLIENT=@OLD_CHARACTER_SET_CLIENT */;
/*!40101 SET CHARACTER_SET_RESULTS=@OLD_CHARACTER_SET_RESULTS */;
/*!40101 SET COLLATION_CONNECTION=@OLD_COLLATION_CONNECTION */;
